,SalePrice,GrLivArea,OverallQual,OverallCond,YrSold,LotArea,YearBuilt,YearRemodAdd,GarageArea,GarageCars,Fireplaces
0,208500,1710,7,5,2008,8450,2003,2003,548,2,0
1,181500,1262,6,8,2007,9600,1976,1976,460,2,1
2,223500,1786,7,5,2008,11250,2001,2002,608,2,1
3,140000,1717,7,5,2006,9550,1915,1970,642,3,1
4,250000,2198,8,5,2008,14260,2000,2000,836,3,1
5,143000,1362,5,5,2009,14115,1993,1995,480,2,0
6,307000,1694,8,5,2007,10084,2004,2005,636,2,1
7,200000,2090,7,6,2009,10382,1973,1973,484,2,2
8,129900,1774,7,5,2008,6120,1931,1950,468,2,2
9,118000,1077,5,6,2008,7420,1939,1950,205,1,2
10,129500,1040,5,5,2008,11200,1965,1965,384,1,0
11,345000,2324,9,5,2006,11924,2005,2006,736,3,2
12,144000,912,5,6,2008,12968,1962,1962,352,1,0
13,279500,1494,7,5,2007,10652,2006,2007,840,3,1
14,157000,1253,6,5,2008,10920,1960,1960,352,1,1
15,132000,854,7,8,2007,6120,1929,2001,576,2,0
16,149000,1004,6,7,2010,11241,1970,1970,480,2,1
17,90000,1296,4,5,2006,10791,1967,1967,516,2,0
18,159000,1114,5,5,2008,13695,2004,2004,576,2,0
19,139000,1339,5,6,2009,7560,1958,1965,294,1,0
20,325300,2376,8,5,2006,14215,2005,2006,853,3,1
21,139400,1108,7,7,2007,7449,1930,1950,280,1,1
22,230000,1795,8,5,2008,9742,2002,2002,534,2,1
23,129900,1060,5,7,2007,4224,1976,1976,572,2,1
24,154000,1060,5,8,2010,8246,1968,2001,270,1,1
25,256300,1600,8,5,2009,14230,2007,2007,890,3,1
26,134800,900,5,7,2010,7200,1951,2000,576,2,0
27,306000,1704,8,5,2010,11478,2007,2008,772,3,1
28,207500,1600,5,6,2006,16321,1957,1997,319,1,2
29,68500,520,4,6,2008,6324,1927,1950,240,1,0
30,40000,1317,4,4,2008,8500,1920,1950,250,1,0
31,149350,1228,5,6,2008,8544,1966,2006,271,1,0
32,179900,1234,8,5,2008,11049,2007,2007,484,2,0
33,165500,1700,5,5,2010,10552,1959,1959,447,2,1
34,277500,1561,9,5,2007,7313,2005,2005,556,2,1
35,309000,2452,8,5,2006,13418,2004,2005,691,3,1
36,145000,1097,5,5,2009,10859,1994,1995,672,2,0
37,153000,1297,5,6,2009,8532,1954,1990,498,2,1
38,109000,1057,5,7,2010,7922,1953,2007,246,1,0
39,82000,1152,4,5,2008,6040,1955,1955,0,0,0
40,160000,1324,6,5,2006,8658,1965,1965,440,2,1
41,170000,1328,5,6,2007,16905,1959,1959,308,1,2
42,144000,884,5,7,2007,9180,1983,1983,504,2,0
43,130250,938,5,6,2008,9200,1975,1980,308,1,0
44,141000,1150,5,6,2006,7945,1959,1959,300,1,0
45,319900,1752,9,5,2010,7658,2005,2005,576,2,1
46,239686,2149,7,5,2009,12822,2003,2003,670,2,1
47,249700,1656,8,5,2007,11096,2006,2006,826,3,0
48,113000,1452,4,5,2009,4456,1920,2008,0,0,0
49,127000,955,5,7,2007,7742,1966,1966,386,1,0
50,177000,1470,6,6,2007,13869,1997,1997,388,2,0
51,114500,1176,6,6,2006,6240,1934,1950,528,2,1
52,110000,816,5,5,2010,8472,1963,1963,516,2,0
53,385000,1842,9,5,2006,50271,1981,1987,894,3,1
54,130000,1360,5,5,2007,7134,1955,1955,572,2,1
55,180500,1425,6,5,2008,10175,1964,1964,576,2,1
56,172500,1739,8,5,2009,2645,1999,2000,480,2,0
57,196500,1720,7,5,2006,11645,2004,2004,565,2,0
58,438780,2945,10,5,2006,13682,2006,2006,641,3,1
59,124900,780,5,7,2008,7200,1972,1972,352,1,0
60,158000,1158,6,5,2006,13072,2004,2004,576,2,0
61,101000,1111,5,7,2007,7200,1920,1996,288,1,0
62,202500,1370,8,5,2007,6442,2006,2006,484,2,1
63,140000,1710,7,6,2010,10300,1921,1950,480,2,0
64,219500,2034,7,5,2009,9375,1997,1998,645,2,0
65,317000,2473,8,5,2007,9591,2004,2005,852,3,1
66,180000,2207,7,5,2010,19900,1970,1989,576,2,1
67,226000,1479,7,5,2007,10665,2003,2003,558,2,0
68,80000,747,4,6,2010,4608,1945,1950,220,1,0
69,225000,2287,7,4,2006,15593,1953,1953,667,2,1
70,244000,2223,7,6,2007,13651,1973,1973,516,2,2
71,129500,845,4,6,2007,7599,1982,2006,360,2,0
72,185000,1718,7,5,2009,10141,1998,1998,427,2,1
73,144900,1086,5,7,2010,10200,1954,2003,490,2,0
74,107400,1605,3,6,2010,5790,1915,1950,379,1,0
75,91000,988,4,5,2009,1596,1973,1973,297,1,0
76,135750,952,4,7,2008,8475,1956,1956,283,1,0
77,127000,1285,5,5,2008,8635,1948,2001,240,1,0
78,136500,1768,4,5,2010,10778,1968,1968,0,0,0
79,110000,1230,5,6,2009,10440,1910,1981,440,2,0
80,193500,2142,6,6,2009,13000,1968,1968,509,1,1
81,153500,1337,6,5,2006,4500,1998,1998,405,2,0
82,245000,1563,8,5,2008,10206,2007,2007,758,3,1
83,126500,1065,5,5,2007,8892,1960,1960,461,2,0
84,168500,1474,7,5,2009,8530,1995,1996,400,2,1
85,260000,2417,8,5,2006,16059,1991,1992,462,2,1
86,174000,1560,6,5,2009,11911,2005,2005,400,2,1
87,164500,1224,6,5,2009,3951,2009,2009,528,2,0
88,85000,1526,3,2,2009,8470,1915,1982,0,0,0
89,123600,990,4,5,2007,8070,1994,1995,0,0,0
90,109900,1040,4,5,2006,7200,1950,1950,420,2,0
91,98600,1235,5,3,2006,8500,1961,1961,480,2,0
92,163500,964,5,7,2009,13360,1921,2006,432,2,0
93,133900,2291,6,6,2007,7200,1910,1998,506,2,1
94,204750,1786,6,5,2007,9337,1997,1997,684,2,0
95,185000,1470,6,8,2009,9765,1993,1993,420,2,1
96,214000,1588,7,5,2006,10264,1999,1999,472,2,0
97,94750,960,4,5,2007,10921,1965,1965,432,1,0
98,83000,835,5,5,2010,10625,1920,1950,366,1,0
99,128950,1225,4,5,2010,9320,1959,1959,0,0,0
100,205000,1610,6,7,2010,10603,1977,2001,480,2,2
101,178000,1732,6,5,2010,9206,1985,1985,476,2,1
102,118964,1535,5,5,2009,7018,1979,1979,410,2,0
103,198900,1226,7,5,2010,10402,2009,2009,740,3,0
104,169500,1818,7,4,2007,7758,1931,1950,240,1,2
105,250000,1992,8,5,2008,9375,2003,2004,648,2,1
106,100000,1047,4,7,2007,10800,1885,1995,273,1,0
107,115000,789,5,5,2008,6000,1948,1950,250,1,0
108,115000,1517,5,7,2007,8500,1919,2005,0,0,0
109,190000,1844,6,6,2010,11751,1977,1977,546,2,1
110,136900,1855,6,4,2006,9525,1954,1972,325,1,0
111,180000,1430,7,5,2010,7750,2000,2000,400,2,1
112,383970,2696,7,5,2007,9965,2007,2007,792,3,1
113,217000,2259,6,5,2007,21000,1953,1953,450,2,2
114,259500,2320,6,8,2007,7259,1945,2002,180,1,1
115,176000,1458,6,5,2007,3230,1999,1999,440,2,1
116,139000,1092,5,5,2009,11616,1962,1962,288,1,1
117,155000,1125,5,5,2007,8536,2006,2007,430,2,0
118,320000,3222,7,5,2010,12376,1990,1990,594,3,2
119,163990,1456,6,5,2006,8461,2005,2006,390,2,1
120,180000,988,6,5,2006,21453,1969,1969,540,2,2
121,100000,1123,4,5,2007,6060,1939,1950,264,1,0
122,136000,1080,6,7,2008,9464,1958,1958,288,1,0
123,153900,1199,6,5,2008,7892,1993,1993,530,2,0
124,181000,1586,6,5,2009,17043,1979,1998,435,2,1
125,84500,754,6,8,2006,6780,1935,1982,0,0,0
126,128000,958,6,5,2007,4928,1976,1976,440,2,1
127,87000,840,5,7,2007,4388,1930,1950,0,0,1
128,155000,1348,6,5,2006,7590,1966,1966,453,2,1
129,150000,1053,5,7,2006,8973,1958,1991,750,2,0
130,226000,2157,7,6,2006,14200,1966,1966,487,2,2
131,244000,2054,6,5,2009,12224,2000,2000,390,2,1
132,150750,1327,5,6,2007,7388,1959,2002,624,2,0
133,220000,1296,8,5,2009,6853,2001,2002,471,2,0
134,180000,1721,5,6,2006,10335,1968,1993,440,2,1
135,174000,1682,7,6,2008,10400,1970,1970,530,2,1
136,143000,1214,5,5,2007,10355,1967,1967,318,1,1
137,171000,1959,7,5,2006,11070,1988,1989,766,3,0
138,230000,1852,8,5,2008,9066,1999,2000,660,3,2
139,231500,1764,6,5,2009,15426,1997,1997,470,2,0
140,115000,864,4,5,2010,10500,1971,1971,0,0,1
141,260000,1734,7,5,2006,11645,2005,2005,660,2,0
142,166000,1385,5,4,2010,8520,1952,1952,720,2,0
143,204000,1501,7,5,2009,10335,1999,1999,577,2,0
144,125000,1728,5,5,2006,9100,1963,1963,504,2,0
145,130000,1709,6,5,2006,2522,2004,2006,380,2,0
146,105000,875,5,7,2009,6120,1931,1993,180,1,0
147,222500,2035,7,5,2010,9505,2001,2001,434,2,1
148,141000,1080,7,5,2008,7500,2004,2005,0,0,0
149,115000,1344,5,4,2006,6240,1936,1950,240,1,0
150,122000,969,5,6,2007,10356,1975,1975,440,2,0
151,372402,1710,8,5,2008,13891,2007,2008,866,3,1
152,190000,1993,6,5,2006,14803,1971,1971,495,2,1
153,235000,1252,6,7,2008,13500,1960,1975,564,2,1
154,125000,1200,6,5,2006,11340,1923,1950,312,1,0
155,79000,1096,6,5,2008,9600,1924,1950,0,0,0
156,109500,1040,5,7,2006,7200,1950,1950,625,2,0
157,269500,1968,8,5,2010,12003,2009,2010,680,3,1
158,254900,1947,7,5,2010,12552,2004,2005,678,2,1
159,320000,2462,7,5,2006,19378,2005,2006,576,2,1
160,162500,1232,6,6,2008,11120,1984,1984,516,2,0
161,412500,2668,9,5,2008,13688,2003,2004,726,3,2
162,220000,1541,7,5,2010,12182,2005,2005,532,2,1
163,103200,882,4,6,2007,5500,1956,1956,0,0,0
164,152000,1616,6,7,2007,5400,1926,2004,216,1,0
165,127500,1355,5,7,2008,10106,1940,1999,0,0,0
166,190000,1867,5,5,2009,10708,1955,1993,303,1,3
167,325624,2161,8,5,2007,10562,2007,2007,789,3,1
168,183500,1720,7,5,2007,8244,2004,2004,440,2,1
169,228000,1707,8,6,2006,16669,1981,1981,511,2,1
170,128500,1382,5,6,2007,12358,1941,1950,660,2,0
171,215000,1656,6,5,2010,31770,1960,1960,528,2,2
172,239000,1767,7,7,2006,5306,1987,1987,504,2,1
173,163000,1362,6,5,2008,10197,1961,1961,504,2,1
174,184000,1651,6,5,2008,12416,1986,1986,616,2,1
175,243000,2158,6,7,2007,12615,1950,2001,576,2,1
176,211000,2060,6,5,2007,10029,1988,1989,521,2,1
177,172500,1920,5,5,2006,13650,1958,1958,451,2,1
178,501837,2234,9,5,2009,17423,2008,2009,1166,3,1
179,100000,968,5,6,2007,8520,1923,2006,480,2,0
180,177000,1525,6,5,2007,2117,2000,2000,440,2,1
181,200100,1802,7,6,2006,7588,1920,1950,216,1,1
182,120000,1340,5,6,2007,9060,1957,2006,252,1,1
183,200000,2082,7,5,2008,11426,2003,2003,484,2,0
184,127000,1252,5,8,2006,7438,1908,1991,576,2,0
185,475000,3608,10,9,2006,22950,1892,1993,840,3,2
186,173000,1217,7,5,2009,9947,1990,1991,497,2,0
187,135000,1656,5,7,2009,10410,1916,1987,180,1,0
188,153337,1224,5,5,2009,7018,1979,1979,528,2,2
189,286000,1593,8,5,2008,4923,2001,2002,682,2,1
190,315000,2727,8,8,2007,10570,1932,1994,440,2,2
191,184000,1479,7,9,2007,7472,1972,2004,484,2,0
192,192000,1431,7,5,2009,9017,1999,1999,666,2,0
193,130000,1709,7,5,2006,2522,2004,2004,380,2,0
194,127000,864,5,7,2008,7180,1972,1972,352,1,0
195,148500,1456,6,6,2009,2280,1976,1976,440,2,1
196,311872,1726,7,5,2007,9416,2007,2007,786,3,1
197,235000,3112,8,4,2006,25419,1918,1990,795,2,1
198,104000,2229,6,6,2009,5520,1912,1950,0,0,0
199,274900,1713,8,5,2009,9591,2004,2005,856,3,1
200,140000,1121,4,5,2010,8546,2003,2004,440,2,0
201,171500,1279,6,6,2008,10125,1977,1977,473,2,2
202,112000,1310,6,6,2006,7000,1924,1950,398,1,0
203,149000,848,6,5,2008,4438,2004,2004,420,2,1
204,110000,1284,5,7,2009,3500,1947,1950,240,1,0
205,180500,1442,7,5,2009,11851,1990,1990,500,2,0
206,143900,1696,5,5,2007,13673,1962,1962,349,1,1
207,141000,1100,4,5,2008,12493,1960,1960,312,1,1
208,277000,2062,7,5,2007,14364,1988,1989,454,2,1
209,145000,1092,6,7,2008,8250,1964,1964,504,2,0
210,98000,864,5,6,2008,5604,1925,1950,0,0,0
211,186000,1212,6,5,2010,10420,2009,2009,460,2,0
212,252678,1852,7,5,2009,8640,2009,2009,644,2,1
213,156000,990,5,5,2006,13568,1995,1995,576,2,0
214,161750,1392,6,7,2010,10900,1977,1977,299,1,0
215,134450,1236,5,6,2006,10011,1957,1996,447,1,1
216,210000,1436,7,5,2008,8450,2004,2004,484,2,0
217,107000,1328,4,4,2006,9906,1925,1950,210,1,0
218,311500,1954,7,9,2008,15660,1939,2006,431,2,2
219,167240,1248,7,5,2006,3010,2005,2006,438,2,0
220,204900,1498,7,5,2006,8990,2006,2006,675,2,0
221,200000,2267,6,5,2009,8068,2002,2002,390,2,1
222,179900,1552,6,6,2006,11475,1975,1975,434,2,1
223,97000,864,4,6,2009,10500,1971,1971,576,2,0
224,386250,2392,10,5,2009,13472,2003,2003,968,3,1
225,112000,1302,5,5,2009,1680,1971,1971,280,1,0
226,290000,2520,7,5,2007,9950,1995,1995,721,3,1
227,106000,987,6,6,2008,1869,1970,1970,280,1,0
228,125000,912,5,5,2010,8521,1967,1967,336,1,1
229,192500,1555,7,5,2009,3182,2005,2006,430,2,1
230,148000,1194,6,6,2010,8760,1959,1959,312,1,0
231,403000,2794,8,5,2009,15138,1995,1996,810,3,1
232,94500,987,6,5,2006,1680,1972,1972,288,1,1
233,128200,894,5,6,2010,10650,1976,1976,308,1,0
234,216500,1960,6,5,2010,7851,2002,2002,440,2,2
235,89500,987,6,3,2008,1680,1971,1971,264,1,0
236,185500,1414,7,5,2010,8773,2004,2004,494,2,0
237,194500,1744,7,7,2010,9453,1993,2003,457,2,0
238,318000,1694,8,5,2007,12030,2007,2007,818,3,0
239,113000,1487,6,4,2010,8741,1945,1950,220,1,1
240,262500,1566,8,5,2010,9000,2008,2008,750,2,0
241,110500,866,5,9,2007,3880,1945,1997,0,0,0
242,79000,1440,5,4,2006,5000,1900,1950,352,1,0
243,120000,1217,6,6,2009,10762,1980,1980,288,1,1
244,205000,2110,7,5,2010,8880,1994,2002,463,2,2
245,241500,1872,7,5,2006,10400,1988,1988,604,2,1
246,137000,1928,6,8,2006,9142,1910,1950,440,1,0
247,140000,1375,6,5,2006,11310,1954,1954,451,2,1
248,180000,1668,7,5,2007,11317,2003,2003,500,2,0
249,277000,2144,6,7,2007,159000,1958,2006,389,2,2
250,76500,1306,3,2,2010,5350,1940,1966,0,0,0
251,235000,1625,8,5,2007,4750,2006,2007,538,2,1
252,173000,1640,6,5,2008,8366,2004,2004,520,2,0
253,158000,1302,6,7,2007,9350,1964,1991,309,1,0
254,145000,1314,5,6,2010,8400,1957,1957,294,1,0
255,230000,2291,7,5,2006,8738,1999,1999,429,2,1
256,207500,1728,6,5,2008,8791,2003,2003,673,2,0
257,220000,1604,7,5,2009,8814,2006,2006,660,2,1
258,231500,1792,7,5,2008,12435,2001,2001,564,2,1
259,97000,882,5,5,2008,12702,1956,1956,308,1,0
260,176000,1382,6,5,2009,19296,1962,1962,884,2,1
261,276000,2574,8,5,2007,9588,2007,2007,868,3,1
262,151000,1212,6,7,2006,8471,1977,1995,492,2,1
263,130000,1316,5,7,2010,5500,1929,2001,484,2,0
264,73000,764,5,5,2008,5232,1925,2004,504,2,0
265,175500,1422,6,6,2008,12090,1981,1981,576,2,1
266,185000,1511,6,5,2006,11207,1997,1997,413,2,1
267,179500,2192,5,8,2008,8400,1939,1997,240,1,1
268,120500,778,5,6,2008,6900,1940,1955,924,1,1
269,148000,1113,6,7,2007,7917,1976,1976,504,1,1
270,266000,1939,8,5,2006,10728,2006,2006,1053,3,1
271,241500,1363,7,7,2008,39104,1954,2005,439,2,2
272,290000,2270,8,7,2010,11764,1999,2007,671,3,1
273,139000,1632,6,6,2009,9600,1958,1988,338,1,1
274,124500,816,5,7,2007,8314,1982,1982,264,1,0
275,205000,1548,7,7,2009,7264,1925,2007,672,2,0
276,201000,1560,7,5,2010,9196,2003,2003,573,2,0
277,141000,864,4,5,2010,19138,1951,1951,400,2,0
278,415298,2121,9,5,2007,14450,2006,2007,732,3,1
279,192000,2022,7,5,2008,10005,1977,1977,505,2,1
280,228500,1982,7,6,2007,11287,1989,1989,575,2,1
281,185000,1262,6,5,2006,7200,2006,2006,572,2,0
282,207500,1314,7,5,2009,5063,2007,2008,626,2,1
283,244600,1468,8,5,2009,9612,2008,2009,898,3,1
284,179200,1575,6,5,2007,8012,1992,1992,529,2,0
285,164700,1250,7,5,2007,4251,2006,2007,528,2,0
286,159000,1734,6,7,2006,9786,1962,1981,440,2,1
287,88000,858,4,4,2006,8125,1971,1971,0,0,0
288,122000,900,5,5,2010,9819,1967,1967,280,1,0
289,153575,1396,6,7,2007,8730,1915,2003,384,1,0
290,233230,1919,8,5,2006,15611,2006,2006,685,2,1
291,135900,1716,5,6,2008,5687,1912,2000,0,0,0
292,131000,1716,5,4,2009,11409,1949,2008,281,1,1
293,235000,2263,7,7,2006,16659,1977,1994,539,2,1
294,167000,1644,6,5,2009,9600,1953,1953,418,2,2
295,142500,1003,6,6,2006,7937,1984,1984,588,2,0
296,152000,1558,5,5,2007,13710,1950,1950,282,1,0
297,239000,1950,7,5,2007,7399,1997,1998,576,2,1
298,175000,1743,6,6,2007,11700,1968,1968,539,2,1
299,158500,1152,6,8,2009,14000,1950,2004,300,1,1
300,157000,1336,5,5,2006,15750,1953,1953,375,1,2
301,267000,2452,8,5,2007,16226,1998,1999,683,2,1
302,205000,1541,7,5,2006,13704,2001,2002,843,3,1
303,149900,894,5,7,2006,9800,1972,1972,552,2,0
304,295000,3493,7,9,2008,18386,1880,2002,870,3,1
305,305900,2000,8,5,2007,10386,2004,2005,888,3,0
306,225000,2243,7,5,2007,13474,1990,1991,746,3,1
307,89500,1406,6,7,2008,7920,1920,1950,0,0,0
308,82500,861,4,5,2009,12342,1940,1950,539,2,0
309,360000,1944,9,5,2006,12378,2003,2004,708,3,3
310,165600,1501,6,5,2006,7685,1993,1994,420,2,1
311,132000,972,6,6,2009,8000,1948,2002,240,1,1
312,119900,1118,5,7,2006,7800,1939,1950,410,2,1
313,375000,2036,7,5,2009,215245,1965,1965,513,2,2
314,178000,1641,7,7,2006,9600,1925,1990,546,2,1
315,188500,1432,7,5,2009,7795,2004,2005,432,2,1
316,260000,2353,7,7,2009,13005,1980,1980,484,2,1
317,270000,1959,8,5,2007,9000,2006,2006,1025,3,1
318,260000,2646,7,5,2009,9900,1993,1993,656,3,1
319,187500,1472,7,5,2009,14115,1980,1980,588,2,2
320,342643,2596,9,5,2006,16259,2006,2006,840,3,0
321,354000,2468,8,5,2007,12099,2004,2004,872,3,1
322,301000,2730,7,5,2007,10380,1986,1987,576,2,1
323,126175,1163,3,8,2006,5820,1955,2005,220,1,0
324,242000,2978,7,7,2010,11275,1967,2007,564,2,1
325,87000,803,5,6,2007,5000,1941,1950,360,2,0
326,324000,1719,8,5,2008,10846,1993,1993,473,2,2
327,145250,1383,6,5,2006,11600,1960,1960,292,1,0
328,214500,2134,6,6,2009,11888,1916,1994,441,2,0
329,78000,1192,5,5,2009,6402,1920,1950,189,1,0
330,119000,1728,5,4,2007,10624,1964,1964,352,1,0
331,139000,1056,5,6,2007,8176,1958,1992,308,1,0
332,284000,1629,8,5,2009,10655,2003,2004,880,3,1
333,207000,1358,7,5,2008,8198,2004,2004,484,2,1
334,192000,1638,6,5,2008,9042,1998,1998,472,2,2
335,228950,1786,5,6,2008,164660,1965,1965,529,2,2
336,377426,1922,9,5,2007,14157,2005,2006,676,3,1
337,214000,1536,7,5,2008,9135,2002,2003,532,2,0
338,202500,1621,7,7,2006,14145,1984,1998,440,2,0
339,155000,1215,6,7,2009,12400,1958,1998,297,1,0
340,202900,1908,8,5,2010,14191,2002,2002,431,2,0
341,82000,841,4,4,2009,8400,1950,1950,294,1,0
342,87500,1040,3,4,2006,8544,1949,1950,400,2,0
343,266000,1684,9,5,2008,8849,2005,2005,564,2,1
344,85000,1112,5,3,2010,2592,1976,1976,336,1,0
345,140200,1577,6,5,2006,6435,1939,1950,312,1,1
346,151500,958,6,8,2007,12772,1960,1998,301,1,0
347,157500,1478,6,5,2009,17600,1960,1960,498,2,2
348,154000,1626,7,5,2008,2448,2003,2004,474,2,0
349,437154,2728,9,5,2006,20431,2005,2006,706,3,2
350,318061,1869,9,5,2007,7820,2007,2007,617,2,1
351,190000,1453,7,5,2006,5271,1986,1986,445,2,1
352,95000,1111,5,6,2008,9084,1941,1950,200,1,0
353,105900,720,6,8,2010,8520,1928,2003,484,2,0
354,140000,1595,6,5,2006,8400,1940,2000,240,1,2
355,177500,1200,6,5,2007,11249,1995,1995,521,2,0
356,173000,1167,6,6,2009,9248,1992,1992,400,2,0
357,134000,1142,5,5,2007,4224,1976,1976,528,2,1
358,130000,1352,5,4,2006,6930,1958,1958,288,1,0
359,280000,1924,8,5,2006,12011,1998,1998,592,2,1
360,156000,912,6,6,2007,7540,1978,1978,470,2,1
361,145000,1505,5,5,2008,9144,1940,1982,240,1,0
362,198500,1922,7,5,2009,7301,2003,2003,672,2,1
363,118000,987,6,8,2009,1680,1972,2007,264,1,0
364,190000,1574,6,5,2006,18800,1976,1976,566,2,1
365,147000,1344,5,7,2009,10690,1920,1997,468,1,0
366,159000,1394,6,5,2009,9500,1963,1963,514,2,2
367,165000,1431,6,5,2008,9150,1962,1962,296,1,1
368,132000,1268,5,6,2010,7800,1954,1954,244,1,1
369,162000,1287,5,7,2010,9830,1959,2006,576,2,1
370,172400,1664,6,5,2006,8121,2000,2000,460,2,1
371,134432,1588,4,4,2008,17120,1959,1959,680,2,1
372,125000,752,6,5,2010,7175,1984,1984,264,1,0
373,123000,1319,5,6,2009,10634,1953,1953,270,1,0
374,219500,1928,7,5,2007,8200,2003,2004,434,2,1
375,61000,904,1,1,2009,10020,1922,1950,0,0,0
376,148000,914,5,5,2006,8846,1996,1996,576,2,0
377,340000,2466,8,5,2007,11143,2004,2005,610,2,1
378,394432,1856,9,2,2010,11394,2010,2010,834,3,1
379,179000,1800,6,5,2009,8123,2000,2000,463,2,1
380,127000,1691,5,6,2010,5000,1924,1950,308,1,1
381,187750,1301,7,5,2006,7200,2006,2006,572,2,1
382,213500,1797,7,5,2007,9245,2006,2006,639,2,0
383,76000,784,6,3,2009,9000,1928,1950,360,2,0
384,240000,1953,6,5,2007,53107,1992,1992,501,2,2
385,192000,1269,8,5,2010,3182,2004,2005,430,2,1
386,81000,1184,5,3,2006,8410,1910,1996,0,0,0
387,125000,1125,6,6,2009,7200,1976,1976,352,1,1
388,191000,1479,7,5,2008,9382,1999,2000,577,2,0
389,426000,2332,10,5,2008,12474,2007,2008,846,3,1
390,119000,1367,5,8,2008,8405,1900,1950,384,1,0
391,215000,1961,6,5,2009,12209,2001,2002,560,2,1
392,106500,882,5,7,2007,8339,1959,1959,294,1,0
393,100000,788,4,5,2006,7446,1941,1950,0,0,2
394,109000,1034,5,6,2007,10134,1940,1950,240,1,0
395,129000,1144,5,6,2010,9571,1956,1956,596,1,0
396,123000,894,5,5,2009,7200,1972,1972,600,2,0
397,169500,1812,5,5,2007,7590,1962,1962,264,1,1
398,67000,1077,5,2,2007,8967,1920,1950,338,1,0
399,241000,1550,7,5,2009,8125,2006,2007,438,2,0
400,245500,1288,8,5,2008,14963,1996,1996,500,2,2
401,164990,1310,7,5,2006,8767,2005,2005,400,2,1
402,108000,672,5,8,2008,10200,1940,1997,240,1,0
403,258000,2263,8,5,2006,12090,1998,1998,420,2,1
404,168000,1572,6,5,2007,10364,1995,1996,373,2,1
405,150000,1620,4,4,2009,9991,1976,1993,490,2,1
406,115000,1639,6,5,2008,10480,1936,1950,240,1,0
407,177000,1680,6,7,2008,15576,1915,1976,308,1,0
408,280000,2172,7,5,2007,14154,2006,2006,947,3,1
409,339750,2078,8,5,2008,10800,2007,2008,836,3,1
410,60000,1276,5,3,2009,9571,1958,1958,350,1,0
411,145000,1056,5,5,2006,34650,1955,1955,572,2,0
412,222000,1478,7,5,2010,4403,2009,2009,484,2,1
413,115000,1028,5,6,2010,8960,1927,1950,360,2,1
414,228000,2097,7,5,2008,11228,1993,1993,678,3,1
415,181134,1340,7,5,2007,8899,2007,2007,396,2,0
416,149500,1400,6,7,2006,7844,1978,1978,440,2,1
417,239000,2624,6,6,2007,22420,1918,1950,864,3,1
418,126000,1134,5,6,2007,8160,1940,1950,240,1,0
419,142000,1056,5,6,2010,8450,1968,1968,304,1,1
420,206300,1344,7,5,2008,7060,1997,1998,784,4,0
421,215000,1602,6,7,2009,16635,1977,2000,529,2,1
422,113000,988,5,5,2008,21750,1954,1954,520,2,0
423,315000,2630,8,5,2008,9200,1998,1998,696,3,1
424,139000,1196,6,5,2008,9000,1956,1956,297,1,1
425,135000,1389,7,8,2009,3378,1946,1992,240,1,2
426,275000,1644,7,5,2009,12800,1989,1989,569,2,1
427,109008,907,4,6,2008,8593,1957,1957,352,1,0
428,195400,1208,7,5,2007,6762,2007,2007,628,2,0
429,175000,1412,6,5,2009,11457,1988,1988,576,2,1
430,85400,987,6,5,2008,1680,1971,1971,264,1,0
431,79900,1198,6,7,2008,5586,1920,1998,0,0,0
432,122500,1365,5,5,2007,1920,1971,1971,440,2,0
433,181000,1604,6,5,2008,10839,1997,1998,470,2,1
434,81000,630,4,7,2008,1890,1972,1972,0,0,0
435,212000,1661,7,6,2009,10667,1996,1996,550,2,1
436,116000,1118,6,8,2006,4400,1920,1950,440,2,0
437,119000,904,6,7,2009,6000,1926,2004,180,1,0
438,90350,694,5,6,2007,4280,1913,2002,352,1,1
439,110000,1196,6,8,2009,12354,1920,2000,528,2,0
440,555000,2402,10,5,2009,15431,2008,2008,672,3,2
441,118000,1440,4,4,2008,12108,1955,1955,0,0,0
442,162900,1573,5,7,2008,6240,1930,1992,360,2,1
443,172500,1258,7,5,2007,3922,2006,2007,648,3,1
444,210000,1908,7,5,2008,8750,1994,1995,493,2,1
445,127500,1689,6,5,2009,9855,1956,1956,480,2,1
446,190000,1888,6,6,2010,16492,1966,2002,578,2,1
447,199900,1886,7,5,2006,11214,1998,1999,431,2,1
448,119500,1376,6,6,2006,8600,1937,1950,198,1,1
449,120000,1183,3,7,2007,6000,1948,2002,308,1,0
450,110000,813,6,8,2006,5684,1930,2005,270,1,0
451,280000,1533,7,5,2006,70761,1975,1975,576,2,2
452,204000,1756,6,5,2007,9303,1996,1997,422,2,0
453,210000,1590,8,5,2009,9000,2008,2008,676,2,0
454,188000,1728,5,5,2006,9297,1976,1976,560,2,0
455,175500,1242,7,6,2007,9600,1973,1973,528,2,1
456,98000,1344,5,5,2008,4571,1916,1950,513,3,0
457,256000,1663,4,6,2008,53227,1954,1994,529,2,2
458,161000,1666,8,7,2008,5100,1925,1996,228,1,1
459,110000,1203,5,4,2009,7015,1950,1950,352,1,1
460,263435,1935,8,5,2009,8004,2009,2009,552,2,0
461,155000,1135,7,9,2009,7200,1936,2007,576,2,0
462,62383,864,5,5,2009,8281,1965,1965,360,1,1
463,188700,1660,6,7,2008,11988,1934,1995,240,1,1
464,124000,1040,5,5,2009,8430,1978,1978,0,0,0
465,178740,1414,7,5,2006,3072,2004,2004,398,2,1
466,167000,1277,7,5,2007,10628,1970,1970,526,2,1
467,146500,1644,5,7,2007,9480,1942,1995,312,1,2
468,250000,1634,8,5,2007,11428,2006,2006,866,3,1
469,187000,1710,6,5,2008,9291,1993,1993,506,2,0
470,212000,1502,8,5,2010,6820,1985,1985,528,2,0
471,190000,1969,7,6,2007,11952,1977,1977,534,2,1
472,148000,1072,6,5,2008,3675,2005,2005,525,2,0
473,440000,1976,8,5,2007,14977,2006,2007,908,3,1
474,251000,1652,8,5,2007,5330,2000,2000,499,2,0
475,132500,970,5,6,2007,8480,1963,1963,624,2,0
476,208900,1493,6,5,2008,13125,1997,1998,508,2,1
477,380000,2643,9,5,2007,13693,2006,2006,694,3,1
478,297000,1718,8,5,2009,10637,2007,2008,826,3,1
479,89471,1131,4,7,2007,5925,1937,2000,672,2,0
480,326000,1850,9,5,2006,16033,2004,2005,772,3,1
481,374000,1792,9,5,2006,11846,2003,2004,874,3,1
482,155000,1826,7,8,2009,2500,1915,2005,164,1,1
483,164000,1216,6,5,2006,4500,1998,1998,402,2,0
484,132500,999,5,7,2007,7758,1962,2001,264,1,0
485,147000,1113,5,7,2009,9600,1950,2007,264,1,1
486,156000,1073,5,7,2007,10289,1965,1965,515,2,0
487,175000,1484,5,6,2007,12243,1971,1971,487,2,1
488,160000,2414,5,4,2006,10800,1900,1970,520,2,1
489,86000,630,4,8,2009,1526,1970,2002,286,1,0
490,115000,1304,5,6,2008,2665,1976,1976,336,1,1
491,133000,1578,6,7,2006,9490,1941,1950,240,1,2
492,172785,1456,6,5,2006,15578,2006,2006,429,2,0
493,155000,1269,5,6,2008,7931,1960,1960,308,1,1
494,91300,886,5,8,2009,5784,1938,1996,273,1,0
495,34900,720,4,5,2009,7879,1920,1950,0,0,0
496,430000,3228,8,5,2007,12692,1992,1993,546,2,1
497,184000,1820,7,6,2008,9120,1925,1950,240,1,0
498,130000,899,5,7,2009,7800,1967,2004,288,1,0
499,120000,912,5,7,2007,7535,1958,1985,297,1,0
500,113000,1218,6,5,2007,1890,1973,1973,264,1,0
501,226700,1768,7,5,2008,9803,2005,2005,603,2,0
502,140000,1214,5,7,2007,9170,1965,1965,461,2,0
503,289000,1801,7,8,2010,15602,1959,1997,484,2,2
504,147000,1322,6,5,2009,2308,1974,1974,440,2,1
505,124500,1960,5,5,2009,7596,1952,1952,400,2,0
506,215000,1911,8,5,2006,9554,1993,1994,471,2,1
507,208300,1218,6,5,2009,7862,2009,2009,676,2,0
508,161000,1378,7,9,2008,9600,1928,2005,360,2,1
509,124500,1041,5,6,2009,9600,1959,1959,270,1,0
510,164900,1363,5,7,2009,14559,1951,2000,288,1,2
511,202665,1368,7,5,2006,6792,2005,2006,474,2,1
512,129900,864,5,5,2006,9100,1958,1958,624,2,0
513,134000,1080,6,5,2007,9187,1983,1983,484,2,0
514,96500,789,5,5,2007,10594,1926,1950,200,1,0
515,402861,2020,10,5,2009,12220,2009,2009,900,3,1
516,158000,2119,6,6,2009,10448,1972,1972,583,2,1
517,265000,2344,7,5,2009,10208,1996,1997,889,3,1
518,211000,1796,6,5,2007,9531,1998,1998,546,2,0
519,234000,2080,7,9,2009,10918,1926,2004,282,1,2
520,106250,1294,4,7,2008,10800,1900,2000,0,0,0
521,150000,1244,6,6,2007,11988,1957,1957,336,1,2
522,159000,1664,6,7,2006,5000,1947,1950,420,2,2
523,184750,4676,10,5,2007,40094,2007,2008,884,3,1
524,315750,2398,7,5,2007,11787,1996,1997,834,3,1
525,176000,1266,7,5,2006,7500,2005,2005,453,2,1
526,132000,928,5,7,2007,13300,1956,2000,252,1,0
527,446261,2713,9,5,2008,14948,2008,2008,858,3,1
528,86000,605,4,7,2007,9098,1920,2002,0,0,0
529,200624,2515,6,3,2007,32668,1957,1975,484,2,2
530,175000,1509,6,5,2008,10200,1988,1989,600,2,1
531,128000,1362,6,8,2008,6155,1920,1999,502,2,0
532,107500,827,5,7,2010,7200,1955,2007,392,1,1
533,39300,334,1,3,2007,5000,1946,1950,0,0,0
534,178000,1414,8,5,2006,9056,2004,2004,403,2,1
535,107500,1347,5,7,2008,7000,1910,1991,0,0,0
536,188000,1724,7,5,2008,8924,1998,1999,527,2,0
537,111250,864,4,5,2008,12735,1972,1972,576,2,0
538,158000,1159,5,5,2006,11553,1968,1968,336,1,1
539,272000,1601,8,5,2010,11423,2001,2002,670,2,1
540,315000,1838,9,5,2009,14601,2006,2006,765,3,1
541,248000,2285,8,5,2007,11000,2000,2000,648,3,1
542,213250,1680,7,5,2009,10140,1998,1999,583,2,1
543,133000,767,7,5,2007,4058,1998,1998,367,1,0
544,179665,1496,7,5,2006,17104,2006,2006,426,2,1
545,229000,2183,7,5,2006,13837,1988,1988,786,3,0
546,210000,1635,6,7,2007,8737,1923,1950,440,2,1
547,129500,768,5,7,2007,7244,1970,1970,624,2,0
548,125000,825,5,7,2008,8235,1955,1995,720,2,0
549,263000,2094,7,5,2009,9375,2003,2004,615,2,1
550,140000,1069,6,6,2008,4043,1977,1977,440,2,0
551,112500,928,5,6,2008,6000,1957,1957,288,1,0
552,255500,1717,8,5,2009,11146,2006,2006,908,3,1
553,108000,1126,4,5,2009,8777,1949,2003,520,2,0
554,284000,2046,7,5,2008,10625,2003,2004,871,3,1
555,113000,1048,5,6,2006,6380,1922,1950,280,1,1
556,141000,1092,5,5,2006,14850,1957,1957,299,1,1
557,108000,1336,4,6,2006,11040,1920,1950,570,1,0
558,175000,1446,7,5,2008,21872,1996,1997,406,2,1
559,234000,1557,7,5,2006,3196,2003,2004,420,2,1
560,121500,1392,5,6,2010,11341,1957,1996,528,2,1
561,170000,1389,5,5,2006,10010,1974,1975,418,2,1
562,108000,996,5,6,2008,13907,1940,1969,0,0,1
563,185000,1674,6,7,2008,21780,1918,1950,396,2,1
564,268000,2295,7,5,2006,13346,1992,2000,590,2,1
565,128000,1647,6,4,2010,6858,1915,1950,216,1,0
566,325000,2504,9,5,2008,11198,2005,2007,656,3,1
567,214000,1535,7,5,2010,10171,2004,2004,532,2,0
568,316600,2132,8,8,2009,12327,1983,2009,612,2,1
569,135960,943,5,5,2006,7032,1979,1979,600,2,2
570,142600,1728,5,5,2008,13101,1965,1965,576,2,0
571,120000,864,6,6,2006,7332,1959,1959,288,1,0
572,224500,1692,7,5,2009,13159,2009,2009,650,2,0
573,170000,1430,7,5,2007,9967,2000,2000,400,2,1
574,139000,1109,5,7,2007,10500,1971,2005,288,1,0
575,118500,1216,5,5,2008,8480,1947,1950,336,1,0
576,145000,1477,7,7,2009,6292,1928,1950,216,1,1
577,164500,1320,5,6,2006,11777,1966,1966,564,2,2
578,146000,1392,7,5,2008,3604,2007,2007,540,2,0
579,131500,1795,5,5,2008,12150,1954,1954,352,1,0
580,181900,1429,6,6,2007,14585,1960,1987,572,2,2
581,253293,2042,8,5,2009,12704,2008,2009,1390,3,1
582,118500,816,6,5,2007,11841,1990,1990,0,0,0
583,325000,2775,10,9,2008,13500,1893,2000,880,2,1
584,133000,1573,4,7,2009,6120,1935,1995,240,1,0
585,369900,2028,8,5,2006,11443,2005,2006,880,3,2
586,130000,838,6,7,2008,10267,1918,2000,275,1,0
587,137000,860,5,6,2009,8740,1982,1982,528,2,0
588,143000,1473,5,8,2009,25095,1968,2003,452,1,2
589,79500,935,5,6,2008,9100,1930,1960,308,1,0
590,185900,1582,7,5,2008,8320,2004,2004,520,2,0
591,451950,2296,10,5,2009,13478,2008,2008,842,3,1
592,138000,816,5,8,2008,6600,1982,2003,816,2,0
593,140000,848,6,5,2009,4435,2003,2003,420,2,0
594,110000,924,5,6,2008,7990,1975,1975,280,1,0
595,319000,1826,8,5,2006,11302,2005,2006,758,3,1
596,114504,1368,6,7,2006,3600,1910,1993,216,1,0
597,194201,1402,7,5,2007,3922,2006,2007,648,3,1
598,217500,1647,5,6,2006,12984,1977,1977,621,2,1
599,151000,1556,6,6,2008,1950,1980,1980,452,2,1
600,275000,1904,8,5,2006,10927,2005,2005,736,2,1
601,141000,1375,6,6,2007,9000,1937,1950,544,1,1
602,220000,1915,8,5,2006,10041,1992,1992,506,2,1
603,151000,1200,7,5,2010,3182,2004,2005,480,2,0
604,221000,1494,7,5,2008,12803,2002,2002,530,2,1
605,205000,1986,7,6,2009,13600,1965,1990,486,2,3
606,152000,1040,5,5,2009,12464,1996,1996,576,2,0
607,225000,2008,5,8,2006,7800,1948,2002,230,1,0
608,359100,3194,8,6,2007,12168,1934,1998,380,2,2
609,118500,1029,4,5,2007,7943,1961,1961,261,1,0
610,313000,2153,9,5,2009,11050,2000,2000,736,3,2
611,148000,1032,6,6,2007,10395,1978,1978,564,2,1
612,261500,1872,8,5,2009,11885,2001,2001,531,2,1
613,147000,1120,5,5,2007,8402,2007,2007,0,0,0
614,75500,630,4,6,2010,1491,1972,1972,0,0,0
615,137500,1054,6,7,2010,8800,1963,1963,480,2,0
616,183200,1509,6,5,2006,7861,2002,2003,393,2,1
617,105500,832,6,6,2008,7227,1954,1954,528,2,0
618,314813,1828,9,5,2007,11694,2007,2007,774,3,1
619,305000,2262,8,5,2008,12244,2003,2003,749,3,2
620,67000,864,3,3,2008,8248,1914,1950,0,0,0
621,240000,2614,6,7,2008,10800,1974,1997,624,2,1
622,135000,980,5,6,2009,7064,1977,1977,484,2,0
623,168500,1512,6,5,2007,2117,2000,2000,440,2,1
624,165150,1790,6,5,2006,10400,1972,1972,484,2,1
625,160000,1116,6,6,2010,10000,1962,1962,440,2,0
626,139900,1422,5,5,2007,12342,1960,1978,286,1,1
627,153000,1520,6,6,2010,9600,1955,1972,364,1,2
628,135000,2080,5,5,2007,11606,1969,1969,504,2,2
629,168500,1350,6,5,2008,9020,1964,1964,520,2,0
630,124000,1750,5,6,2006,9000,1880,1991,240,1,0
631,209500,1554,8,5,2007,4590,2006,2006,627,2,1
632,82500,1411,7,5,2009,11900,1977,1977,544,2,1
633,139400,1056,5,7,2007,9250,1954,2005,260,1,0
634,144000,1056,6,5,2010,6979,1980,1980,576,2,0
635,200000,3395,6,7,2007,10896,1914,1995,0,0,0
636,60000,800,2,3,2009,6120,1936,1950,0,0,1
637,93000,1387,5,4,2009,6000,1954,1954,256,1,0
638,85000,796,5,7,2008,8777,1910,1950,0,0,0
639,264561,1567,8,5,2006,3982,2006,2006,648,3,1
640,274000,1518,8,5,2008,12677,2003,2004,588,2,1
641,226000,1929,7,5,2007,7050,2001,2001,650,2,1
642,345000,2704,8,7,2009,13860,1972,1995,538,2,3
643,152000,1620,5,5,2007,10793,1969,1969,462,2,0
644,370878,1766,9,5,2009,9187,2009,2009,478,3,1
645,143250,981,6,5,2007,10530,1971,1971,576,2,0
646,98300,1048,5,5,2008,7200,1950,1950,420,2,0
647,155000,1094,6,5,2008,10452,1953,1953,495,2,2
648,155000,1839,6,5,2010,7700,1966,1966,442,2,1
649,84500,630,4,6,2007,1936,1970,1970,0,0,0
650,205950,1665,7,6,2008,8125,2007,2007,562,2,0
651,108000,1510,4,5,2009,9084,1940,1950,296,1,1
652,191000,1716,7,5,2009,8750,1996,1996,512,2,1
653,135000,1469,6,7,2008,10320,1906,1995,216,1,0
654,350000,2113,8,6,2008,10437,1995,1995,839,3,1
655,88000,1092,6,5,2010,1680,1971,1971,264,1,0
656,145500,1053,5,7,2008,10007,1959,2006,312,1,0
657,149000,1502,7,6,2008,7200,1931,2000,270,1,1
658,97500,1458,6,5,2010,17503,1948,1950,330,1,1
659,167000,1486,5,7,2009,9937,1964,1999,480,2,0
660,197900,1935,7,7,2007,12384,1976,1976,550,2,1
661,402000,2448,8,7,2009,46589,1994,2005,711,3,1
662,110000,1392,6,3,2009,13560,1968,1968,576,2,2
663,137500,1181,4,5,2008,10012,1972,1972,588,2,0
664,423000,2097,8,5,2006,20896,2005,2006,1134,3,1
665,230500,1936,8,5,2006,11194,2000,2000,504,2,1
666,129000,2380,6,5,2007,18450,1965,1979,596,2,1
667,193500,1679,6,5,2008,8125,1994,1998,575,2,1
668,168000,1437,5,6,2006,14175,1956,1987,576,2,1
669,137500,1180,4,5,2006,11600,1922,1950,252,1,1
670,173500,1476,6,5,2009,8633,2005,2005,540,2,0
671,103600,1369,6,6,2009,6629,1925,1950,300,1,0
672,165000,1208,6,6,2006,11250,1977,1977,546,2,1
673,257500,1839,6,7,2007,14442,1957,2004,416,2,2
674,140000,1136,6,6,2008,9200,1965,1965,384,1,1
675,148500,1441,6,6,2009,2289,1978,1978,440,2,1
676,87000,1774,4,2,2006,9600,1900,1950,779,3,0
677,109500,792,5,8,2009,9022,1924,2006,240,1,0
678,372500,2046,8,5,2009,11844,2008,2008,834,3,1
679,128500,988,5,5,2007,9945,1961,1961,572,2,0
680,143000,923,6,5,2010,8012,1980,1980,264,1,1
681,159434,1520,5,5,2009,4500,1932,2000,281,1,0
682,173000,1291,6,5,2008,2887,1996,1997,431,2,1
683,285000,1668,9,5,2007,11248,2002,2002,702,3,1
684,221000,1839,7,5,2010,16770,1998,1998,486,2,0
685,207500,2090,7,5,2007,5062,1984,1984,577,2,1
686,227875,1761,7,6,2007,10207,2007,2007,578,2,0
687,148800,1102,7,5,2007,5105,2004,2004,480,2,0
688,392000,1419,8,6,2007,8089,2007,2007,567,2,1
689,194700,1362,6,5,2007,7577,2005,2006,460,2,1
690,141000,848,6,5,2008,4426,2004,2004,420,2,1
691,755000,4316,10,6,2007,21535,1994,1995,832,3,2
692,335000,2519,7,5,2006,26178,1989,1990,628,2,2
693,108480,1073,5,6,2006,5400,1921,1968,326,1,0
694,141500,1539,5,6,2009,6120,1936,1950,576,2,0
695,176000,1137,6,6,2006,13811,1987,1987,551,2,1
696,89000,616,5,7,2006,6000,1921,1950,205,1,0
697,123500,1148,5,7,2006,6420,1952,1952,308,1,0
698,138500,894,5,8,2010,8450,1965,2009,336,1,1
699,196000,1391,7,5,2008,4282,2004,2004,530,2,0
700,312500,1800,8,5,2006,14331,2002,2002,765,3,1
701,140000,1164,7,5,2006,9600,1969,1969,528,2,0
702,361919,2576,8,5,2006,12438,2006,2006,666,3,1
703,140000,1812,5,9,2010,7630,1900,1996,672,2,1
704,213000,1484,7,5,2010,8400,2004,2005,606,2,0
705,55000,1092,4,5,2010,5600,1930,1950,0,0,0
706,302000,1824,7,5,2007,115149,1971,2002,739,2,2
707,254000,1324,8,5,2009,6240,2006,2006,550,2,1
708,179540,1456,7,5,2007,9018,2007,2007,400,2,1
709,109900,904,5,7,2008,7162,1966,1966,408,1,0
710,52000,729,3,6,2008,4130,1935,2003,0,0,0
711,102776,1178,4,7,2010,8712,1900,1950,384,1,0
712,189000,1228,8,5,2008,4671,1988,1989,472,2,1
713,129000,960,4,5,2006,9873,1970,1970,576,2,0
714,130500,1479,6,8,2010,13517,1976,2005,475,2,0
715,165000,1350,6,5,2009,10140,1974,1974,478,2,1
716,159500,2554,7,8,2007,10800,1890,1998,704,2,0
717,157000,1178,5,6,2008,10000,1973,2000,439,2,1
718,341000,2418,7,5,2008,10542,1993,1994,983,3,1
719,128500,971,5,6,2006,9920,1969,1969,300,1,1
720,275000,1742,8,5,2006,6563,1985,1985,564,2,1
721,143000,848,6,5,2010,4426,2004,2004,420,2,0
722,124500,864,4,7,2009,8120,1970,1970,463,2,0
723,135000,1470,4,6,2008,8172,1954,1972,548,1,0
724,320000,1698,9,5,2009,13286,2007,2008,768,3,1
725,120500,864,4,6,2009,6960,1970,1970,660,2,0
726,222000,1680,6,9,2009,21695,1988,2007,540,2,1
727,194500,1232,7,5,2009,7314,2007,2007,632,2,0
728,110000,1776,5,5,2009,11475,1958,1958,888,3,0
729,103000,1208,4,5,2009,6240,1925,1950,539,2,0
730,236500,1616,8,5,2010,5389,1995,1996,608,2,1
731,187500,1146,7,5,2007,9590,2003,2003,438,2,1
732,222500,2031,7,5,2008,11404,1998,1999,541,2,1
733,131400,1144,5,6,2009,10000,1961,1983,264,1,1
734,108000,948,5,5,2007,8978,1968,1968,300,1,0
735,163000,1768,7,7,2006,10800,1914,1970,320,2,2
736,93500,1040,3,4,2006,8544,1950,1950,400,2,0
737,239900,1801,8,5,2006,10463,2005,2005,800,3,1
738,179000,1200,5,5,2009,10800,1987,1988,0,0,0
739,190000,1728,7,5,2009,9313,2004,2004,572,2,0
740,132000,1432,5,7,2007,9600,1910,2002,360,2,0
741,142000,912,6,8,2008,6768,1961,1996,288,1,0
742,179000,1349,7,5,2007,8450,2000,2001,539,2,0
743,175000,1464,5,6,2009,12886,1963,1999,480,2,1
744,180000,1337,8,5,2008,5395,1993,1993,462,2,1
745,299800,2715,8,9,2008,8963,1976,1996,831,2,2
746,236000,2256,7,5,2009,8795,2000,2000,554,2,1
747,265979,2640,7,7,2009,11700,1880,2003,864,4,1
748,260400,1720,7,5,2010,10593,1996,1996,527,2,1
749,98000,1529,4,3,2009,8405,1945,1950,240,1,0
750,96500,1140,4,7,2010,8800,1910,2004,0,0,0
751,162000,1320,7,5,2007,7750,2003,2003,400,2,0
752,217000,1494,6,5,2006,9236,1997,1997,576,2,0
753,275500,2098,8,5,2006,10240,2005,2005,878,3,1
754,156000,1026,6,8,2009,7930,1969,2005,440,2,0
755,172500,1471,6,5,2009,3230,1999,1999,440,2,0
756,212000,1768,8,5,2009,10769,2007,2007,578,2,0
757,158900,1386,6,5,2010,11616,1978,1978,440,2,1
758,179400,1501,7,5,2008,2280,1999,1999,440,2,0
759,290000,2531,8,5,2007,12257,1995,1995,752,3,1
760,127500,864,6,6,2009,9100,1959,1959,300,1,0
761,100000,1301,5,5,2009,6911,1924,1950,440,2,0
762,215200,1547,7,5,2010,8640,2009,2009,614,2,0
763,337000,2365,8,5,2009,9430,1999,1999,856,3,1
764,270000,1494,8,5,2006,9549,1995,1996,481,2,1
765,264132,1506,9,5,2008,14587,2008,2008,592,2,1
766,196500,1714,7,5,2010,10421,1988,1988,496,2,1
767,160000,1750,6,7,2008,12508,1940,1985,423,1,0
768,216837,1836,7,5,2006,9100,2004,2005,484,2,1
769,538000,3279,8,5,2010,53504,2003,2003,841,3,1
770,134900,858,5,5,2009,7252,1982,1982,576,2,0
771,102000,1220,4,5,2006,8877,1951,1951,396,2,0
772,107000,1117,6,5,2010,7819,1976,1976,672,2,1
773,114500,912,5,5,2007,10150,1958,1958,275,1,0
774,395000,1973,8,5,2007,14226,2006,2006,895,3,1
775,162000,1204,6,5,2009,4500,1998,1998,412,2,0
776,221500,1614,7,5,2006,11210,2005,2006,865,3,0
777,142500,894,5,5,2006,13350,1974,1974,440,2,1
778,144000,2020,5,5,2007,8400,1977,1977,630,2,2
779,135000,1004,6,5,2006,10530,1977,1977,504,2,0
780,176000,1253,7,5,2007,7875,1995,1996,402,2,1
781,175900,1603,6,5,2006,7153,1992,1992,484,2,0
782,187100,1430,7,5,2009,16285,2001,2002,605,2,0
783,165500,1110,5,6,2009,9101,1978,1978,602,2,1
784,128000,1484,6,6,2008,6300,1914,2001,0,0,1
785,161500,1342,6,5,2009,9790,1967,1967,457,2,1
786,139000,1652,5,6,2010,10800,1915,1950,416,1,0
787,233000,2084,7,5,2010,10142,2004,2004,618,2,0
788,107900,901,4,7,2008,6000,1954,2000,281,1,0
789,187500,2087,6,8,2007,12205,1966,2007,444,2,0
790,160200,1145,7,5,2009,3182,2005,2006,397,2,1
791,146800,1062,6,5,2007,11333,1976,1976,539,2,2
792,269790,2013,7,5,2007,9920,1996,1997,455,2,1
793,225000,1496,8,5,2007,9158,2007,2007,474,2,0
794,194500,1895,7,5,2008,10832,1994,1996,409,2,1
795,171000,1564,6,6,2010,8400,1980,1981,476,2,1
796,143500,1285,6,5,2007,8197,1977,1977,528,2,1
797,110000,773,5,5,2008,7677,1953,1953,240,1,0
798,485000,3140,9,5,2009,13518,2008,2009,820,3,2
799,175000,1768,5,7,2007,7200,1937,1950,240,1,2
800,200000,1688,6,5,2008,12798,1997,1997,603,2,0
801,109900,1196,4,7,2007,4800,1916,1990,440,2,0
802,189000,1456,7,5,2008,8199,2005,2005,410,2,1
803,582933,2822,9,5,2009,13891,2008,2009,1020,3,1
804,118000,1128,5,5,2006,9000,1954,1954,286,1,0
805,227680,1428,7,5,2008,12274,2008,2008,554,2,0
806,135500,980,5,5,2006,9750,1967,1967,384,1,0
807,223500,1576,5,6,2009,21384,1923,2004,528,2,1
808,159950,1086,5,5,2006,13400,1966,1966,484,2,1
809,106000,2138,5,5,2009,8100,1898,1965,360,2,0
810,181000,1309,6,6,2006,10140,1974,1999,484,2,1
811,144500,848,6,5,2008,4438,2004,2004,420,2,1
812,55993,1044,5,5,2010,8712,1952,1952,504,2,0
813,157900,1442,6,6,2007,9750,1958,1958,301,1,0
814,116000,1250,5,7,2006,8248,1918,1950,280,1,0
815,224900,1661,7,5,2010,12137,1998,1998,598,2,0
816,137000,1008,5,6,2006,11425,1954,1954,275,1,1
817,271000,1689,8,5,2008,13265,2002,2002,857,3,2
818,155000,1052,6,7,2010,8816,1971,1971,440,2,0
819,224000,1358,7,5,2010,6371,2009,2010,484,2,1
820,183000,1640,7,5,2008,7226,2003,2003,595,2,0
821,93000,936,4,4,2009,6000,1953,1953,576,2,0
822,225000,1733,7,5,2007,12394,2003,2003,433,2,1
823,139500,1489,6,7,2009,9900,1940,1950,240,1,1
824,232600,1489,8,5,2006,11216,2006,2006,776,2,1
825,385000,2084,10,5,2008,14803,2007,2008,1220,3,1
826,109500,784,5,6,2008,6130,1924,1950,0,0,0
827,189000,1434,7,5,2009,8529,2001,2001,527,2,1
828,185000,2126,5,5,2009,28698,1967,1967,538,2,0
829,147400,1223,7,5,2006,2544,2005,2005,480,2,0
830,166000,1392,6,5,2008,11900,1957,1957,458,2,2
831,151000,1200,7,5,2006,3180,2005,2005,480,2,0
832,237000,1829,7,6,2010,9548,2003,2003,613,2,1
833,167000,1516,6,6,2009,10004,1964,1964,472,2,0
834,139950,1144,5,6,2008,7875,1961,1961,456,2,0
835,128000,1067,4,7,2010,9600,1950,1995,436,2,0
836,153500,1559,5,6,2007,8100,1948,1973,812,2,0
837,100000,987,6,5,2008,1680,1973,1973,264,1,0
838,144000,1099,5,6,2008,9525,1995,2006,352,1,0
839,130500,1200,5,6,2008,11767,1946,1995,240,1,0
840,140000,1482,6,8,2008,12155,1925,1950,400,1,0
841,157500,1539,5,8,2008,10440,1904,2002,686,2,1
842,174900,1165,6,7,2008,9020,1966,1966,490,2,0
843,141000,1800,5,4,2007,8000,1961,1961,0,0,0
844,153900,1416,5,8,2008,12665,1915,1950,720,3,1
845,171000,1701,5,5,2007,16647,1975,1981,611,2,2
846,213000,1775,7,5,2009,9317,1993,1993,425,2,1
847,133500,864,5,6,2009,15523,1972,1972,338,1,1
848,240000,2358,6,8,2008,45600,1908,1997,360,2,1
849,187000,1855,6,7,2007,9600,1976,1994,512,2,1
850,131500,848,6,5,2007,4435,2003,2003,420,2,0
851,215000,1456,8,5,2006,3196,2003,2003,400,2,1
852,164000,1646,7,5,2007,7128,1941,1950,240,1,2
853,158000,1445,6,6,2009,12095,1964,1964,645,2,1
854,170000,1779,5,4,2006,17920,1955,1974,454,2,1
855,127000,1040,5,8,2010,6897,1962,2010,260,1,0
856,147000,1026,6,6,2008,10970,1978,1978,576,2,0
857,174000,1481,6,5,2009,8125,1994,1995,343,2,1
858,152000,1370,7,5,2009,10400,1976,1976,479,2,1
859,250000,2654,6,7,2006,11029,1968,1984,619,2,1
860,189950,1426,7,8,2007,7642,1918,1998,216,1,1
861,131500,1039,5,4,2010,11625,1965,1965,504,2,0
862,152000,1097,6,5,2010,9672,1984,1985,480,2,0
863,132500,1148,5,5,2009,7931,1959,1959,672,1,0
864,250580,1372,7,5,2008,8640,2007,2008,529,2,0
865,148500,1002,5,6,2009,8750,1970,1970,902,2,0
866,248900,1646,8,5,2007,10656,2006,2007,870,3,1
867,129000,1120,4,5,2007,6970,1961,1961,544,2,0
868,169000,2320,5,6,2006,14762,1948,1950,672,2,1
869,236000,1949,7,5,2010,9938,1993,1994,574,2,1
870,109500,894,5,5,2009,6600,1962,1962,308,1,0
871,200500,1682,6,5,2010,8750,1998,1998,523,2,0
872,116000,910,5,7,2008,8892,1953,1996,414,2,0
873,133000,1268,5,7,2009,12144,1949,1950,288,1,1
874,66500,1131,5,6,2009,5720,1941,1950,200,1,0
875,303477,2610,8,5,2007,9000,2007,2007,550,2,1
876,132250,1040,4,5,2007,25286,1963,1963,648,2,0
877,350000,2224,9,5,2009,8834,2004,2005,738,3,1
878,148000,1155,5,7,2010,11782,1961,1995,576,2,0
879,136500,864,5,8,2009,7000,1978,2005,336,1,0
880,157000,1090,5,5,2007,7024,2005,2006,450,2,0
881,187500,1717,7,5,2007,13758,1990,1991,400,2,1
882,178000,1593,6,5,2009,9636,1992,1993,389,2,1
883,118500,2230,4,5,2006,6204,1912,1950,440,1,0
884,100000,892,5,5,2009,7150,1967,1967,288,1,0
885,328900,1709,9,5,2008,5119,1999,2000,506,2,1
886,145000,1712,5,5,2006,8393,1959,2005,588,2,0
887,135500,1393,5,7,2008,16466,1955,1955,300,1,0
888,268000,2217,8,6,2007,15865,1970,1970,621,2,1
889,149500,1505,6,4,2009,12160,1953,1953,505,2,1
890,122900,924,5,7,2007,8064,1949,2006,576,2,1
891,172500,1683,6,5,2009,11184,1978,1978,440,2,1
892,154500,1068,6,8,2006,8414,1963,2003,264,1,0
893,165000,1383,5,5,2008,13284,1954,1954,354,1,1
894,118858,1535,5,5,2009,7018,1979,1979,400,2,0
895,140000,1796,6,5,2008,7056,1963,1963,483,2,1
896,106500,951,4,6,2006,8765,1936,1950,327,1,0
897,142953,2240,5,5,2009,7018,1979,1979,528,2,0
898,611657,2364,9,5,2010,12919,2009,2010,820,3,2
899,135000,1236,5,7,2006,6993,1961,1994,288,1,1
900,110000,858,4,6,2007,7340,1971,1971,684,1,0
901,153000,1306,5,7,2009,8712,1957,2000,756,1,0
902,180000,1509,7,5,2006,7875,2003,2003,393,2,1
903,240000,1670,7,5,2006,14859,2006,2006,690,3,1
904,125500,902,5,6,2007,6173,1967,1967,288,1,0
905,128000,1063,5,5,2010,9920,1954,1954,280,1,0
906,255000,1636,8,5,2007,13501,2006,2006,865,3,1
907,250000,2057,7,7,2006,11500,1936,1987,180,1,1
908,131000,902,5,5,2006,8885,1983,1983,484,2,0
909,174000,1484,6,5,2009,12589,2005,2005,390,2,1
910,154300,2274,5,5,2010,11600,1960,1960,480,2,0
911,143500,1268,5,7,2009,9286,1977,1989,252,1,0
912,88000,1015,5,7,2006,6120,1925,1950,450,1,0
913,145000,2002,5,6,2007,6270,1949,1950,871,3,0
914,173733,1224,6,5,2009,3000,2009,2009,528,2,0
915,75000,1092,4,5,2007,2001,1970,1970,286,1,0
916,35311,480,2,3,2006,9000,1949,1950,308,1,0
917,135000,1229,4,6,2009,17140,1956,1956,284,1,0
918,238000,2127,7,5,2007,13125,1991,1991,833,3,1
919,176500,1414,6,8,2008,11029,1958,2002,601,2,1
920,201000,1721,6,5,2007,8462,1994,1994,471,2,0
921,145900,2200,5,7,2008,8777,1900,2003,0,0,0
922,169990,1316,6,5,2006,10237,2005,2006,397,2,1
923,193000,1617,6,5,2008,8012,1993,1994,533,2,1
924,207500,1686,6,6,2006,10240,1980,1980,612,2,1
925,175000,1126,5,6,2008,15611,1977,1977,540,2,0
926,285000,2374,8,5,2007,11999,2003,2004,656,3,1
927,176000,1978,7,5,2008,9900,1968,1968,486,2,1
928,236500,1788,8,5,2009,11838,2001,2001,522,2,1
929,222000,2236,7,5,2006,13006,1997,1997,642,2,1
930,201000,1466,8,5,2009,8925,2007,2007,610,3,0
931,117500,925,5,6,2009,9100,1965,1965,429,1,0
932,320000,1905,9,5,2007,11670,2006,2006,788,3,1
933,190000,1500,7,5,2009,8487,2004,2004,570,2,0
934,242000,2069,7,7,2008,27650,1960,2007,505,2,1
935,79900,747,4,5,2006,5825,1926,1953,528,2,0
936,184900,1200,7,5,2009,10083,2003,2003,555,2,0
937,253000,1971,7,5,2009,9675,2005,2005,689,2,1
938,239799,1962,7,5,2006,8760,2006,2006,868,3,0
939,244400,2403,7,7,2010,24090,1940,1950,349,1,2
940,150900,1728,6,5,2006,12640,1976,1976,574,2,0
941,214000,2060,7,5,2009,8755,1999,1999,390,2,1
942,150000,1440,4,3,2007,7711,1977,1977,0,0,0
943,143000,1632,5,4,2007,25000,1967,1967,576,2,0
944,137500,1344,6,6,2009,14375,1958,1958,525,2,1
945,124900,1869,5,6,2009,8820,1890,1996,456,2,0
946,143000,1144,5,6,2006,8163,1959,1959,796,1,1
947,270000,1629,8,5,2007,14536,2002,2003,808,3,1
948,192500,1776,7,5,2006,14006,2002,2002,474,2,1
949,197500,1381,6,7,2010,9360,1972,2006,676,2,1
950,129000,864,5,8,2007,7200,1950,2002,720,2,0
951,119900,965,5,5,2006,7800,1965,1965,300,1,0
952,133900,768,5,8,2009,7200,1972,2003,396,1,0
953,172000,1968,5,4,2008,11075,1969,1969,530,2,1
954,127500,980,6,5,2006,9400,1975,1975,0,0,0
955,145000,1958,6,6,2007,7136,1946,1950,492,2,0
956,124000,1229,6,6,2009,1300,1980,1980,462,2,1
957,132000,1057,5,5,2007,7420,1962,1962,576,2,0
958,185000,1337,7,5,2007,8450,2003,2003,531,2,0
959,155000,1416,7,5,2010,2572,1999,1999,484,2,0
960,116500,858,5,7,2010,7207,1958,2008,0,0,0
961,272000,2872,6,7,2008,12227,1977,1995,619,2,1
962,155000,1548,6,6,2007,2308,1976,1976,440,2,1
963,239000,1800,9,5,2009,11923,2007,2007,702,2,0
964,214900,1894,7,5,2010,11316,2002,2003,510,2,1
965,178900,1484,6,5,2007,10237,2005,2007,393,2,1
966,160000,1308,5,7,2009,9600,1940,1950,256,1,2
967,135000,1098,5,7,2008,7390,1955,1955,260,1,0
968,37900,968,3,6,2009,5925,1910,1950,0,0,0
969,140000,1095,6,5,2006,10382,1958,1958,264,1,0
970,135000,1192,4,4,2006,10800,1949,1950,0,0,0
971,173000,1626,7,5,2009,2268,2003,2004,474,2,0
972,99500,918,6,5,2010,7892,1979,1979,264,1,1
973,182000,1428,7,5,2008,11639,2007,2008,480,2,0
974,167500,2019,7,8,2009,11414,1910,1993,532,2,0
975,165000,1382,7,5,2006,2651,2000,2000,490,2,0
976,85500,869,4,7,2006,5900,1923,1958,0,0,0
977,199900,1241,7,5,2007,4274,2006,2007,569,2,0
978,110000,894,4,5,2007,9450,1954,1954,400,2,0
979,139000,1121,5,6,2009,8816,1963,1963,480,2,0
980,178400,999,7,9,2008,12122,1961,2007,588,2,0
981,336000,2612,8,5,2009,12203,1998,1999,676,3,1
982,159895,1266,7,5,2008,3182,2007,2007,388,2,1
983,255900,2290,8,5,2008,11250,2002,2002,779,2,1
984,126000,1734,5,5,2009,10125,1977,1977,539,2,0
985,125000,1164,5,5,2008,10880,1950,1950,240,1,0
986,117000,1635,6,8,2006,5310,1910,2003,255,1,0
987,395192,1940,9,5,2010,10159,2009,2010,606,3,1
988,195000,2030,6,6,2007,12046,1976,1976,551,2,1
989,197000,1576,7,5,2006,8125,2006,2006,614,2,0
990,348000,2392,8,5,2006,9452,1997,1998,870,3,1
991,168000,1742,8,9,2009,17671,1882,1986,424,2,1
992,187000,1851,6,8,2007,9760,1964,1993,440,2,1
993,173900,1500,6,5,2006,8846,2005,2006,564,2,0
994,337500,1718,10,5,2009,12456,2006,2007,786,3,1
995,121600,1230,4,7,2006,4712,1946,1950,305,1,0
996,136500,1050,5,6,2006,10659,1961,1961,368,1,0
997,185000,1442,6,6,2009,11717,1970,1970,615,2,1
998,91000,1077,3,4,2006,9786,1922,1950,210,1,1
999,206000,1208,7,5,2010,6762,2006,2006,632,2,0
1000,82000,944,3,3,2009,10206,1952,1952,528,2,0
1001,86000,691,5,6,2007,5400,1920,1950,216,1,0
1002,232000,1574,8,5,2008,11957,2006,2006,824,3,1
1003,136905,1680,5,6,2007,11500,1976,1976,528,2,0
1004,181000,1504,7,5,2009,3182,2005,2006,457,2,1
1005,149900,985,5,8,2008,8385,1977,1977,328,1,0
1006,163500,1657,6,3,2007,12155,1970,1970,484,2,1
1007,88000,1092,4,4,2009,2217,1970,1970,286,1,0
1008,240000,1710,7,5,2009,12118,2004,2005,550,2,1
1009,102000,1522,5,5,2006,6000,1926,1950,0,0,0
1010,135000,1271,5,5,2008,21286,1948,1950,312,1,1
1011,100000,1664,5,5,2010,9825,1965,1965,0,0,0
1012,165000,1502,6,7,2007,10592,1923,1996,180,1,2
1013,85000,1022,5,4,2009,7200,1910,2006,280,1,0
1014,119200,1082,6,5,2007,11664,1948,1950,240,1,1
1015,227000,1665,8,6,2009,8400,2001,2001,528,2,0
1016,203000,1504,7,5,2009,11883,1996,1996,478,2,1
1017,187500,1360,8,5,2009,5814,1984,1984,565,2,1
1018,160000,1472,7,5,2007,10784,1991,1992,402,2,1
1019,213490,1506,7,5,2006,3013,2005,2005,440,2,1
1020,176000,1132,4,5,2008,7024,2005,2005,451,2,0
1021,194000,1220,7,5,2006,7406,2006,2006,632,2,0
1022,87000,1248,5,5,2007,9439,1930,1950,160,1,0
1023,191000,1504,7,5,2008,3182,2005,2006,437,2,1
1024,287000,2898,8,6,2008,15498,1976,1976,665,2,1
1025,112500,882,5,5,2007,7700,1972,1972,461,2,0
1026,167500,1264,5,5,2010,9300,1960,1960,461,2,2
1027,293077,1646,8,5,2008,9520,2007,2008,800,3,1
1028,105000,1376,5,5,2007,9492,1941,1950,240,1,1
1029,118000,1218,6,7,2006,1680,1972,1972,264,1,0
1030,160000,1928,5,8,2006,7082,1916,1995,0,0,0
1031,197000,3082,7,3,2009,15863,1920,1970,672,2,2
1032,310000,2520,8,7,2006,14541,1993,1993,796,3,1
1033,230000,1654,7,5,2006,8125,2002,2002,900,3,0
1034,119750,954,5,7,2007,6305,1938,1950,240,1,1
1035,84000,845,4,3,2009,11500,1957,1957,290,1,0
1036,315500,1620,9,5,2009,12898,2007,2008,912,3,1
1037,287000,2263,8,5,2008,9240,2001,2002,905,2,1
1038,97000,1344,4,6,2009,1533,1970,2008,0,0,1
1039,80000,630,4,4,2009,1477,1970,1970,286,1,0
1040,155000,1803,5,4,2006,13125,1957,2000,484,2,1
1041,173000,1632,6,8,2008,9130,1966,2000,484,2,0
1042,196000,1306,6,5,2009,5381,2005,2005,624,2,1
1043,262280,2329,7,5,2008,11839,1990,1990,514,2,1
1044,278000,2524,8,5,2009,9600,1981,1981,542,2,1
1045,139600,1733,3,5,2009,13680,1955,1955,452,2,1
1046,556581,2868,9,5,2006,16056,2005,2006,716,3,1
1047,145000,990,5,5,2008,9245,1994,1995,672,2,0
1048,115000,1771,5,4,2009,21750,1960,2006,336,2,1
1049,84900,930,4,7,2010,11100,1946,2006,308,1,0
1050,176485,1302,7,5,2007,8993,2007,2007,436,2,0
1051,200141,1316,7,5,2007,11175,2007,2007,440,2,1
1052,165000,1977,6,6,2007,9500,1964,1978,540,2,1
1053,144500,1526,5,6,2010,8562,1957,2002,364,1,1
1054,255000,1989,8,5,2006,11367,2002,2002,586,2,1
1055,180000,1523,6,5,2008,11361,1976,1976,478,2,1
1056,185850,1364,7,5,2006,7052,2005,2005,484,2,1
1057,248000,1850,7,6,2009,29959,1994,1994,467,2,1
1058,335000,2184,9,5,2009,11308,2008,2008,836,3,1
1059,220000,1991,6,7,2007,11275,1932,1950,432,2,1
1060,213500,1338,8,5,2010,4920,2001,2001,582,2,0
1061,81000,894,3,4,2008,18000,1935,1950,1248,3,0
1062,90000,2337,5,5,2007,13600,1900,1950,560,2,0
1063,110500,1103,6,6,2006,6000,1925,1980,440,2,1
1064,154000,1154,5,6,2009,11000,1966,1966,480,2,1
1065,328000,2260,7,5,2010,14000,1996,1997,533,2,0
1066,178000,1571,6,7,2009,7837,1993,1994,380,2,1
1067,167900,1611,6,6,2008,9760,1964,1964,442,2,0
1068,151400,2521,6,4,2006,3964,1973,1973,576,2,1
1069,135000,893,5,7,2007,9600,1949,2003,576,2,0
1070,135000,1048,5,5,2007,10152,1956,1956,286,1,0
1071,154000,1556,6,6,2009,11700,1968,1968,441,2,0
1072,91500,1456,5,3,2006,7585,1948,1950,280,1,1
1073,159500,1426,6,6,2009,7950,1977,1977,440,2,0
1074,194000,1240,7,5,2007,8556,2006,2006,826,3,0
1075,219500,1740,7,6,2007,13125,1940,1984,240,1,2
1076,170000,1466,5,8,2006,10800,1936,1989,566,2,1
1077,138800,1096,5,5,2006,15870,1969,1969,299,1,0
1078,155900,848,6,5,2006,4435,2004,2004,420,2,1
1079,126000,990,5,5,2007,8775,1994,1994,299,1,0
1080,145000,1258,6,7,2008,11040,1971,2004,528,2,0
1081,133000,1040,5,5,2010,7500,1963,1963,308,1,0
1082,192000,1459,7,5,2007,8749,2002,2002,527,2,1
1083,160000,1251,6,6,2006,8800,1964,1964,461,1,2
1084,187500,1498,6,5,2006,13031,1995,1996,409,2,1
1085,147000,996,6,6,2010,9069,1992,1992,564,2,0
1086,83500,1092,4,5,2010,1974,1973,1973,286,1,0
1087,252000,1953,8,5,2009,10574,2005,2006,1043,3,1
1088,137500,1709,7,5,2006,2522,2004,2004,380,2,0
1089,197000,1247,8,5,2006,3316,2005,2005,550,2,1
1090,92900,1040,3,4,2009,8544,1950,1950,400,2,0
1091,160000,1252,7,5,2008,2160,1999,2000,462,2,0
1092,136500,1694,6,5,2008,8400,1925,1950,576,2,1
1093,146000,1200,5,8,2006,9230,1965,1998,884,2,0
1094,129000,936,5,7,2010,5868,1956,2000,308,1,0
1095,176432,1314,6,5,2007,9317,2006,2006,440,2,1
1096,127000,1355,6,7,2007,6882,1914,2006,0,0,0
1097,170000,1088,8,5,2007,3696,1986,1986,461,2,0
1098,128000,1324,4,6,2009,6000,1936,1950,240,1,0
1099,157000,1601,7,5,2009,11880,1978,1978,478,2,1
1100,60000,438,2,5,2009,8400,1920,1950,246,1,0
1101,119500,950,5,5,2007,9758,1971,1971,280,1,0
1102,135000,1134,5,7,2007,7000,1960,2002,254,1,0
1103,159500,1194,6,6,2006,8910,1959,1959,539,2,1
1104,106000,1302,5,5,2007,2016,1970,1970,440,2,0
1105,325000,2622,8,5,2010,12256,1994,1995,712,2,2
1106,179900,1442,7,5,2007,10357,1990,1991,719,2,1
1107,274725,2021,7,5,2006,23257,2006,2006,422,2,1
1108,181000,1690,6,5,2007,8063,2000,2000,463,2,1
1109,280000,1836,8,5,2009,11362,2004,2005,862,3,1
1110,188000,1658,6,5,2008,8000,1995,1996,431,2,1
1111,205000,1964,7,6,2008,10480,1976,1976,483,2,1
1112,129900,816,5,7,2006,7100,1957,1957,308,1,0
1113,134500,1008,5,7,2007,8923,1953,2006,240,1,0
1114,117000,833,5,7,2006,5400,1954,2000,326,1,0
1115,318000,1734,8,5,2007,12085,2007,2007,928,3,1
1116,184100,1419,8,5,2009,7750,2002,2002,527,2,1
1117,130000,894,5,7,2008,9764,1967,2003,450,2,0
1118,140000,1601,5,6,2008,13825,1958,1987,300,1,0
1119,133700,1040,5,5,2006,7560,1959,1959,286,1,0
1120,118400,1012,6,5,2007,8263,1920,1950,308,1,1
1121,212900,1552,7,5,2006,10084,2005,2006,782,3,0
1122,112000,960,4,3,2009,8926,1956,1956,288,1,0
1123,118000,698,5,9,2009,9405,1947,2008,0,0,0
1124,163900,1482,7,5,2007,9125,1992,1992,392,2,1
1125,115000,1005,4,5,2009,10434,1955,1955,672,2,1
1126,174000,1555,7,5,2009,3684,2007,2007,660,3,1
1127,259000,1530,7,5,2007,14572,2004,2004,630,3,1
1128,215000,1959,7,5,2007,11796,2004,2005,434,2,1
1129,140000,936,5,5,2007,7200,1980,1980,672,2,0
1130,135000,1981,4,3,2009,7804,1928,1950,576,2,2
1131,93500,974,5,5,2007,10712,1991,1992,0,0,0
1132,117500,2210,6,4,2007,9900,1880,1950,205,1,0
1133,239500,2020,8,5,2009,9828,1995,1995,466,2,1
1134,169000,1600,6,5,2007,8773,1997,1997,460,2,1
1135,102000,986,6,5,2007,6180,1926,1950,180,1,1
1136,119000,1252,6,5,2008,9600,1950,1950,288,1,0
1137,94000,1020,5,8,2010,6342,1875,1996,0,0,0
1138,196000,1567,6,5,2009,9819,1977,1977,714,2,2
1139,144000,1167,5,5,2007,8731,1920,1950,495,2,1
1140,139000,952,5,7,2008,7350,1951,1951,840,2,0
1141,197500,1868,5,7,2009,10304,1976,1976,484,2,1
1142,424870,2828,8,5,2007,9965,2006,2007,1052,3,1
1143,80000,1006,5,3,2008,9000,1959,1959,0,0,0
1144,80000,924,4,4,2010,12180,1941,1950,280,1,0
1145,149000,1576,5,6,2006,6240,1928,1950,225,1,1
1146,180000,1298,6,5,2006,11200,1985,1985,403,2,1
1147,174500,1564,7,7,2009,12000,1941,1950,234,1,1
1148,116900,1111,7,7,2008,5700,1926,1950,288,1,1
1149,143000,1482,7,9,2009,9000,1920,1988,324,2,0
1150,124000,932,6,5,2007,8280,1950,1950,306,1,1
1151,149900,1466,5,4,2006,17755,1959,1959,528,2,2
1152,230000,1811,6,7,2006,14115,1956,2004,470,2,1
1153,120500,816,6,8,2008,5890,1930,2007,432,1,0
1154,201800,1820,7,6,2008,13700,1965,1988,492,2,2
1155,218000,1437,5,8,2007,10768,1976,2004,528,2,1
1156,179900,1265,5,8,2008,9350,1965,1999,502,2,1
1157,230000,1314,7,5,2009,5001,2007,2008,626,2,1
1158,235128,1580,8,5,2008,11932,2007,2008,830,3,0
1159,185000,1876,6,6,2008,9120,1974,1974,540,2,1
1160,146000,1456,6,5,2010,2280,1978,1978,440,2,1
1161,224000,1640,6,7,2008,14778,1954,2006,924,2,1
1162,129000,894,5,5,2007,8724,1968,1968,450,2,1
1163,108959,1258,4,4,2008,12900,1969,1969,400,2,0
1164,194000,1432,5,7,2007,16157,1978,1978,588,2,1
1165,233170,1502,7,5,2009,9541,2009,2009,644,2,0
1166,245350,1694,8,5,2010,10475,2008,2008,776,3,0
1167,173000,1671,6,5,2006,10852,2000,2000,472,2,1
1168,235000,2108,6,7,2008,13728,1935,1986,540,2,2
1169,625000,3627,10,5,2006,35760,1995,1996,807,3,1
1170,171000,1118,6,6,2008,9880,1977,1977,358,1,1
1171,163000,1261,6,6,2008,9120,1958,1958,433,2,1
1172,171900,1250,7,5,2008,4017,2006,2007,625,2,0
1173,200500,3086,5,6,2007,18030,1946,1994,0,0,1
1174,239000,2345,6,8,2006,16560,1932,1950,360,2,1
1175,285000,2872,8,5,2007,10678,1992,2000,541,2,1
1176,119500,923,5,5,2008,6951,1984,1985,264,1,0
1177,115000,1224,6,8,2009,3950,1926,2004,210,1,0
1178,154900,1343,5,6,2009,7681,1921,1950,186,1,1
1179,93000,1124,5,5,2006,8335,1954,1954,0,0,1
1180,250000,2514,7,5,2006,11170,1990,1991,693,2,0
1181,392500,1652,8,5,2008,5587,2008,2008,482,2,1
1182,745000,4476,10,5,2007,15623,1996,1996,813,3,2
1183,120000,1130,5,6,2006,10800,1920,1950,720,2,1
1184,186700,1572,5,4,2007,35133,1963,1963,995,3,2
1185,104900,1221,5,7,2006,9738,1924,1950,392,1,0
1186,95000,1699,3,5,2009,10615,1900,1970,420,2,0
1187,262000,1624,8,5,2006,12461,1994,1995,757,3,1
1188,195000,1660,7,5,2009,8935,2002,2002,493,2,0
1189,189000,1804,7,5,2010,7500,1999,1999,442,2,1
1190,168000,1622,4,4,2007,32463,1961,1975,1356,4,1
1191,174000,1441,8,5,2007,2645,1999,2000,492,2,0
1192,125000,1472,5,8,2007,9600,1925,1994,250,1,0
1193,165000,1224,6,5,2009,4500,1999,1999,402,2,0
1194,158000,1352,6,7,2010,9364,1969,1969,299,1,0
1195,176000,1456,6,5,2008,8029,2005,2005,400,2,0
1196,219210,1863,7,5,2006,14054,2006,2006,660,3,1
1197,144000,1690,7,6,2006,8850,1916,1950,225,1,1
1198,178000,1212,7,5,2009,9100,2001,2001,573,2,0
1199,148000,1382,4,5,2006,11235,1963,1979,459,2,1
1200,116050,864,4,5,2006,9353,1970,1970,280,1,0
1201,197900,1779,7,5,2009,10400,1998,1998,546,2,0
1202,117000,1348,5,8,2009,6000,1925,1997,216,1,1
1203,213000,1630,7,5,2009,9750,2000,2001,451,2,1
1204,153500,1074,5,6,2006,10140,1975,1975,495,2,0
1205,271900,2196,7,7,2009,14684,1990,1991,701,3,1
1206,107000,1056,4,4,2006,8900,1966,1966,384,1,0
1207,200000,1700,6,5,2006,9135,2003,2003,544,2,0
1208,140000,1283,5,7,2008,7763,1962,1980,506,2,0
1209,290000,1660,8,5,2006,10182,2006,2006,500,2,1
1210,189000,1845,6,5,2010,11218,1992,1992,462,2,1
1211,164000,1752,8,7,2010,12134,1988,2005,492,2,0
1212,113000,672,4,6,2009,9340,1941,1950,234,1,0
1213,145000,960,4,9,2006,10246,1965,2001,364,1,0
1214,134500,999,5,5,2006,10205,1962,1962,300,1,0
1215,125000,894,5,5,2007,7094,1966,1966,384,1,0
1216,112000,1902,6,5,2010,8930,1978,1978,539,2,0
1217,229456,1314,8,5,2009,8640,2009,2009,552,2,0
1218,80500,912,4,5,2006,6240,1947,1950,0,0,0
1219,91500,1218,6,5,2006,1680,1971,1971,0,0,0
1220,115000,912,5,5,2006,7800,1964,1964,288,1,0
1221,134000,1211,5,5,2008,8250,1968,1968,322,1,1
1222,143000,1846,6,6,2007,10496,1949,1950,315,1,1
1223,137900,2136,5,3,2006,10680,1951,1951,528,2,0
1224,184000,1490,7,5,2008,15384,2004,2005,388,2,1
1225,145000,1138,6,8,2007,10482,1958,1958,264,1,0
1226,214000,1933,6,5,2008,14598,2007,2007,668,3,1
1227,147000,912,5,8,2008,8872,1965,2008,576,2,0
1228,367294,1702,9,5,2008,8769,2008,2008,1052,3,1
1229,127000,1507,5,5,2008,7910,1960,1960,404,1,0
1230,190000,2620,5,5,2007,18890,1977,1977,600,2,1
1231,132500,1190,5,6,2006,7728,1962,1962,540,2,0
1232,101800,1224,4,5,2007,9842,1962,1962,462,2,0
1233,142000,1188,5,5,2010,12160,1959,1959,531,2,0
1234,130000,1964,5,6,2008,8525,1911,1950,0,0,0
1235,138887,1784,5,5,2006,13132,1914,1950,180,1,0
1236,175500,1626,7,5,2010,2628,2003,2003,474,2,0
1237,195000,1948,7,5,2006,12393,2004,2005,434,2,1
1238,142500,1141,6,5,2006,13072,2005,2005,484,2,0
1239,265900,1484,8,5,2007,9037,2006,2006,472,2,1
1240,224900,1768,7,5,2008,8158,2003,2003,543,2,0
1241,248328,1689,7,6,2007,9849,2007,2007,954,3,0
1242,170000,1173,7,6,2010,10625,1974,1974,528,2,2
1243,465000,2076,10,5,2006,13891,2006,2006,850,3,1
1244,230000,1517,8,7,2006,11435,1929,1950,400,2,2
1245,178000,1868,6,7,2007,12090,1984,2003,477,2,1
1246,186500,1553,7,5,2006,8125,2005,2006,615,2,0
1247,169900,1034,6,5,2010,12328,1976,1976,888,3,0
1248,129500,2058,6,5,2008,9600,1917,1950,396,2,1
1249,119000,988,5,7,2007,7200,1950,1950,276,1,0
1250,244000,2110,7,5,2010,11160,1968,1968,522,2,2
1251,171750,1405,7,5,2006,3136,2003,2003,478,2,1
1252,130000,874,5,6,2009,9858,1968,1968,288,1,0
1253,294000,2167,7,7,2007,17542,1974,2003,518,2,2
1254,165400,1656,7,5,2008,6931,2003,2004,397,2,1
1255,127500,1367,6,6,2007,6240,1931,1950,560,1,1
1256,301500,1987,8,5,2008,14303,1994,1994,691,2,1
1257,99900,864,5,8,2009,4060,1922,1950,0,0,0
1258,190000,1166,7,5,2008,9587,2005,2005,400,2,0
1259,151000,1054,6,8,2008,9750,1969,1969,460,2,0
1260,181000,1675,6,5,2009,24682,1999,1999,502,2,1
1261,128900,1050,5,6,2009,9600,1956,1956,338,1,0
1262,161500,1788,4,5,2009,11250,1957,1989,304,1,2
1263,180500,1824,6,6,2007,13515,1919,1950,520,2,1
1264,181000,1337,6,5,2008,4060,1998,1999,511,2,0
1265,183900,1452,7,5,2006,3735,1999,1999,506,2,0
1266,122000,1889,7,4,2007,10120,1910,1950,308,1,1
1267,378500,2018,9,5,2010,13214,2008,2009,746,3,1
1268,381000,3447,8,9,2008,14100,1935,1997,1014,3,2
1269,144000,1524,5,5,2007,11344,1958,1958,315,1,0
1270,260000,1524,7,6,2010,23595,1979,1979,586,2,1
1271,185750,1489,6,7,2009,9156,1968,1968,462,2,1
1272,137000,935,5,6,2006,13526,1965,1965,288,1,0
1273,177000,1357,6,7,2008,11512,1959,2006,312,1,1
1274,139000,1250,5,6,2007,5362,1910,2003,552,2,1
1275,137000,1920,5,5,2007,11345,1948,1950,400,2,0
1276,162000,1395,6,6,2009,12936,1972,1972,497,2,1
1277,197900,1724,6,5,2009,17871,1967,1976,480,2,1
1278,237000,2031,8,5,2008,9473,2002,2002,577,2,1
1279,68400,1128,4,4,2010,7500,1920,1950,528,2,0
1280,227000,1573,7,5,2009,9808,2002,2002,544,2,0
1281,180000,1339,7,5,2006,8049,1990,1990,484,2,1
1282,150500,1040,5,7,2009,8800,1977,2008,484,2,0
1283,139000,1824,6,5,2010,9400,1971,1971,0,0,0
1284,169000,2447,6,7,2010,9638,1919,1990,336,1,1
1285,132500,1412,6,6,2009,6000,1939,1950,280,1,1
1286,143000,1328,6,5,2010,9790,1963,1963,528,2,2
1287,190000,1582,5,5,2006,36500,1964,1964,390,2,0
1288,278000,1659,8,5,2009,5664,2000,2000,499,2,1
1289,281000,1970,8,5,2006,11065,2006,2006,753,3,1
1290,180500,1152,5,7,2010,14112,1964,1964,484,2,1
1291,119500,1302,5,7,2009,1680,1972,1972,264,1,0
1292,107500,2372,5,4,2009,6600,1892,1965,432,1,0
1293,162900,1664,7,5,2006,10140,1976,1976,528,2,1
1294,115000,864,5,7,2006,8172,1955,1990,572,2,0
1295,138500,1052,5,5,2006,8400,1968,1968,288,1,0
1296,155000,1128,5,6,2008,8700,1963,1963,525,2,0
1297,140000,1072,6,5,2006,3675,2005,2006,525,2,0
1298,160000,5642,10,5,2008,63887,2008,2008,1418,2,3
1299,154000,1246,5,7,2010,7500,1959,1994,305,1,0
1300,225000,1983,7,5,2009,10762,1999,1999,490,2,1
1301,177500,1494,6,7,2009,7500,1942,1950,213,1,2
1302,290000,2526,8,5,2006,10120,1994,1994,844,3,1
1303,232000,1616,7,5,2006,8688,2005,2005,834,3,0
1304,130000,1708,7,5,2006,3363,2004,2004,380,2,0
1305,325000,1652,9,5,2009,13173,2006,2007,840,2,2
1306,202500,1368,7,5,2006,6955,2005,2006,474,2,1
1307,138000,990,5,5,2009,8072,1994,1995,480,2,0
1308,147000,1122,5,7,2008,12000,1948,2005,528,2,0
1309,179200,1294,6,5,2008,7153,1991,1991,496,2,0
1310,335000,1902,7,8,2010,17500,1959,2002,567,2,2
1311,203000,1274,7,5,2007,8814,2005,2007,508,2,0
1312,302000,2810,8,5,2007,9572,1990,1990,750,2,1
1313,333168,2599,9,5,2010,14774,1999,1999,779,3,1
1314,119000,948,4,6,2007,8190,1954,1954,280,1,1
1315,206900,2112,6,5,2008,11075,1969,1969,576,2,2
1316,295493,1630,8,5,2009,10226,2008,2008,860,3,1
1317,208900,1352,7,5,2007,4230,2006,2007,466,2,1
1318,275000,1787,8,5,2006,14781,2001,2002,748,3,1
1319,111000,948,4,5,2007,10215,1954,1954,248,1,0
1320,156500,1478,6,3,2009,8400,1957,1957,442,2,2
1321,72500,720,3,6,2008,6627,1949,1950,287,1,0
1322,190000,1923,7,5,2010,10186,1992,1992,564,2,1
1323,82500,708,4,7,2009,5330,1940,1950,0,0,0
1324,147000,1795,8,5,2007,9986,2006,2007,895,3,1
1325,55000,796,4,4,2008,3636,1922,1950,0,0,0
1326,79000,774,3,6,2007,4270,1931,2006,0,0,0
1327,130500,816,5,9,2008,6600,1982,2008,264,1,1
1328,256000,2792,6,7,2008,10440,1920,1950,520,2,2
1329,176500,1632,7,5,2006,9084,1998,1998,462,2,1
1330,227000,1588,8,5,2007,10000,2006,2006,825,3,1
1331,132500,954,5,5,2006,10780,1976,1976,576,2,0
1332,100000,816,4,6,2009,8877,1938,1958,288,1,1
1333,125500,1360,5,6,2006,7200,1938,1995,297,1,0
1334,125000,1365,5,6,2009,2368,1970,1970,440,2,0
1335,167900,1334,6,5,2009,9650,1977,1977,630,2,1
1336,135000,1656,5,5,2008,9246,1973,1973,506,2,0
1337,52500,693,4,4,2006,4118,1941,1950,0,0,0
1338,200000,1861,7,5,2006,13450,2002,2002,492,2,0
1339,128500,864,5,7,2006,9560,1972,1972,288,1,0
1340,123000,872,4,5,2007,8294,1971,1971,480,4,0
1341,155000,1114,6,5,2008,13695,2003,2004,576,2,0
1342,228500,2169,8,5,2007,9375,2002,2002,647,2,1
1343,177000,1913,6,6,2009,7558,1928,1950,342,2,1
1344,155835,1456,7,5,2007,11103,2006,2006,440,2,1
1345,108500,960,4,4,2007,6000,1920,1950,308,1,0
1346,262500,2156,7,7,2006,20781,1968,2003,508,2,1
1347,283463,1776,8,5,2007,15306,2006,2007,712,3,1
1348,215000,1494,7,5,2007,16196,1998,1998,514,2,1
1349,122000,2358,8,5,2008,5250,1872,1987,0,0,0
1350,200000,2634,5,5,2009,11643,1969,1969,968,4,0
1351,171000,1716,6,6,2008,9247,1962,1962,490,2,1
1352,134900,1176,6,9,2009,6000,1937,2000,624,2,0
1353,410000,3238,8,5,2010,14720,1995,1996,666,3,1
1354,235000,1865,7,5,2008,10316,2000,2000,839,3,1
1355,170000,1920,7,6,2006,10192,1968,1992,487,2,1
1356,110000,892,5,5,2008,9477,1966,1966,264,1,0
1357,149900,1078,5,6,2010,12537,1971,2008,500,2,1
1358,177500,1573,6,5,2010,2117,2000,2000,440,2,0
1359,315000,1980,9,5,2006,16737,2004,2005,770,3,1
1360,189000,2601,5,6,2008,9842,1921,1998,621,2,0
1361,260000,1530,7,5,2009,16158,2005,2005,430,2,1
1362,104900,1738,4,4,2009,12513,1920,2007,368,1,1
1363,156932,1412,6,5,2007,8499,2006,2007,432,2,1
1364,144152,1200,7,5,2006,3180,2005,2005,480,2,0
1365,216000,1674,7,5,2010,7500,2000,2000,663,2,0
1366,193000,1790,7,5,2008,9179,1999,1999,588,2,0
1367,127000,1475,5,6,2006,2665,1977,1977,336,1,1
1368,144000,848,6,5,2009,4435,2003,2004,420,2,0
1369,232000,1668,8,5,2010,10635,2003,2003,502,2,1
1370,105000,1374,4,6,2009,5400,1920,1950,338,1,0
1371,165500,1661,6,6,2008,9600,1955,1996,377,1,1
1372,274300,2097,7,6,2006,9750,1998,1998,583,2,1
1373,466500,2633,10,5,2007,11400,2001,2002,804,3,2
1374,250000,1958,7,5,2008,10625,2005,2005,936,3,1
1375,239000,1571,8,5,2007,10991,2007,2007,722,3,1
1376,91000,790,6,5,2008,6292,1930,1950,160,1,0
1377,117000,1604,5,5,2009,10998,1941,1960,660,2,0
1378,83000,987,6,5,2006,1953,1973,1973,264,1,0
1379,167500,1394,5,5,2008,9735,2006,2007,400,2,0
1380,58500,864,3,3,2010,8212,1914,1950,200,1,0
1381,237500,2117,6,7,2008,12925,1970,1970,550,2,2
1382,157000,1762,7,7,2006,7200,1920,1950,576,2,0
1383,112000,1416,5,7,2007,25339,1918,2007,576,2,0
1384,105000,1258,6,5,2009,9060,1939,1950,280,1,0
1385,125500,1154,4,8,2010,5436,1922,2007,240,1,0
1386,250000,2784,7,5,2006,16692,1978,1978,564,2,2
1387,136000,2526,6,7,2007,8520,1916,1950,216,1,1
1388,377500,1746,9,5,2009,14892,2006,2007,758,3,2
1389,131000,1218,6,6,2007,6000,1941,1950,440,2,1
1390,235000,1525,7,5,2006,9100,2000,2000,541,2,0
1391,124000,1584,5,5,2009,8944,1967,1967,792,3,0
1392,123000,900,5,5,2006,7838,1967,1967,288,1,1
1393,163000,1912,6,7,2008,10800,1905,2000,672,2,1
1394,246578,1500,7,5,2006,4045,2006,2006,648,3,1
1395,281213,2482,8,5,2007,12665,2005,2006,642,3,1
1396,160000,1687,5,5,2010,57200,1948,1950,572,2,2
1397,137500,1513,5,8,2007,6120,1920,2004,180,1,0
1398,138000,1904,5,4,2009,7200,1950,1982,240,1,0
1399,137450,1608,6,6,2009,6171,1925,1990,216,1,1
1400,120000,1158,6,7,2008,6000,1929,1950,208,1,1
1401,193000,1593,6,5,2008,7415,2004,2004,398,2,1
1402,193879,1294,7,5,2006,6762,2006,2006,662,2,1
1403,282922,1464,8,5,2007,15256,2007,2007,754,3,0
1404,105000,1214,3,4,2006,10410,1915,1950,936,3,0
1405,275000,1646,8,5,2008,3842,2004,2005,482,2,1
1406,133000,768,5,7,2009,8445,1972,2007,396,2,0
1407,112000,833,5,5,2009,8780,1985,1985,0,0,0
1408,125500,1363,4,7,2010,7740,1910,1950,528,2,0
1409,215000,2093,7,6,2008,20544,1986,1991,542,2,1
1410,230000,1840,7,5,2009,12420,2001,2001,622,2,0
1411,140000,1668,6,8,2009,9600,1950,2005,271,1,0
1412,90000,1040,4,5,2009,7200,1949,1950,420,2,0
1413,257000,1844,8,5,2009,10994,2005,2006,620,2,1
1414,207000,1848,6,7,2008,13053,1923,2000,370,2,1
1415,175900,1569,7,5,2009,3635,2007,2007,660,3,1
1416,122500,2290,4,6,2010,11340,1885,1950,560,2,0
1417,340000,2450,8,5,2009,16545,1998,1998,1069,3,1
1418,124000,1144,5,5,2008,9204,1963,1963,336,1,0
1419,223000,1844,6,5,2006,16381,1969,1969,540,2,1
1420,179900,1416,6,6,2006,11700,1968,1968,776,2,1
1421,127500,1069,6,5,2010,4043,1977,1977,440,2,1
1422,136500,848,6,5,2008,4435,2003,2003,420,2,0
1423,274970,2201,6,7,2006,19690,1966,1966,432,2,1
1424,144000,1344,5,5,2007,9503,1958,1983,484,1,1
1425,142000,1252,6,6,2008,10721,1959,1959,528,2,0
1426,271000,2127,7,5,2008,10944,1994,1994,525,2,2
1427,140000,1558,5,6,2008,10930,1945,1950,288,1,1
1428,119000,804,5,7,2010,7200,1940,1992,240,1,2
1429,182900,1440,6,7,2007,12546,1981,1981,467,2,1
1430,192140,1838,5,5,2006,21930,2005,2005,372,2,1
1431,143750,958,6,6,2009,4928,1976,1976,440,2,0
1432,64500,968,4,6,2007,10800,1927,2007,216,1,0
1433,186500,1792,6,5,2008,10261,2000,2000,451,2,1
1434,160000,1126,5,5,2006,17400,1977,1977,484,2,1
1435,174000,1537,6,9,2008,8400,1962,2005,462,2,1
1436,120500,864,4,6,2007,9000,1971,1971,528,2,0
1437,394617,1932,8,5,2008,12444,2008,2008,774,3,1
1438,149700,1236,6,7,2010,7407,1957,1996,923,2,0
1439,197000,1725,7,6,2007,11584,1979,1979,550,2,1
1440,191000,2555,6,7,2008,11526,1922,1994,672,2,1
1441,149300,848,6,5,2008,4426,2004,2004,420,2,1
1442,310000,2007,10,5,2009,11003,2008,2008,812,3,1
1443,121000,952,6,6,2009,8854,1916,1950,192,1,1
1444,179600,1422,7,5,2007,8500,2004,2004,626,2,0
1445,129000,913,6,5,2007,8400,1966,1966,240,1,0
1446,157900,1188,5,7,2010,26142,1962,1962,312,1,0
1447,240000,2090,8,5,2007,10000,1995,1996,556,2,1
1448,112000,1346,4,7,2007,11767,1910,2000,384,1,0
1449,92000,630,5,7,2006,1533,1970,1970,0,0,0
1450,136000,1792,5,5,2009,9000,1974,1974,0,0,0
1451,287090,1578,8,5,2009,9262,2008,2009,840,3,1
1452,145000,1072,5,5,2006,3675,2005,2005,525,2,0
1453,84500,1140,5,5,2006,17217,2006,2006,0,0,0
1454,185000,1221,7,5,2009,7500,2004,2005,400,2,0
1455,175000,1647,6,5,2007,7917,1999,2000,460,2,1
1456,210000,2073,6,6,2010,13175,1978,1988,500,2,2
1457,266500,2340,7,9,2010,9042,1941,2006,252,1,2
1458,142125,1078,5,6,2010,9717,1950,1996,240,1,0
1459,147500,1256,5,6,2008,9937,1965,1965,276,1,0
